protocol,method,tau,epoch,n,nta,nta_lo,nta_hi,lnmr,lnmr_lo,lnmr_hi
A,AsyCo,0.1,0,10,0.028613130918562702,0.02102171427520662,0.037105265918114944,0.08926424312451449,0.07063947241022304,0.11534486758353667
A,AsyCo,0.1,30,10,0.11144515834822684,0.10049993686590243,0.12283325232668986,0.19825033173290357,0.1866717712101039,0.211092685589588
A,AsyCo,0.1,60,10,0.11094190470659608,0.09740941511228353,0.12827578454276017,0.20320994642193183,0.19126682443675408,0.2155741436686699
A,AsyCo,0.1,90,10,0.11847225039047168,0.103067699467115,0.1410337126780261,0.2127433330961214,0.2026652987622481,0.22177170747463684
A,AsyCo,0.1,120,10,0.13374170614230668,0.11202242146279515,0.15514024372202515,0.2252039367912248,0.21179710613077665,0.23798746463243453
A,AsyCo,0.1,149,10,0.12646081465392997,0.10619748403901116,0.14848653295312067,0.2094409052548447,0.19822375335472672,0.22053238889904875
A,AsyCo,0.2,0,10,0.02561753048789834,0.019557917456402563,0.03234872640259458,0.09538730948016341,0.07663835328557464,0.12125364014630523
A,AsyCo,0.2,30,10,0.09642035966113846,0.08919543687492004,0.10421181302936124,0.20134929842020027,0.18577651970202938,0.21738943924635956
A,AsyCo,0.2,60,10,0.10717715194419733,0.10119511461570377,0.11507512199504555,0.21839940568690103,0.20256871835969484,0.23748942121310682
A,AsyCo,0.2,90,10,0.10836399283683211,0.09759540254592293,0.12075189833473031,0.2145472312264804,0.19652258565243727,0.2335798338182696
A,AsyCo,0.2,120,10,0.1173441277392464,0.10821920782546925,0.12675109033770002,0.23698162975327314,0.21910330401701267,0.2544582984662379
A,AsyCo,0.2,149,10,0.1112992862695508,0.10378521588021847,0.11907704049474228,0.22155914216036812,0.2105692200839729,0.23280576984881127
A,AsyCo,0.3,0,10,0.026748692216179305,0.02213218984706926,0.031188416793289646,0.08675878269397565,0.07969015696009166,0.09268014457817317
A,AsyCo,0.3,30,10,0.09084067093887128,0.08160503591173318,0.10174775299794966,0.19417293931986662,0.1826277924794918,0.2062476411182512
A,AsyCo,0.3,60,10,0.09295034381473517,0.08590173765927922,0.10055545218903111,0.20798470755788467,0.19510633380469394,0.22244924189570184
A,AsyCo,0.3,90,10,0.09589715205077899,0.086076750781947,0.10627957351869444,0.21713239733272208,0.2044797593020701,0.22836421066296253
A,AsyCo,0.3,120,10,0.0972566714905578,0.09014019616163113,0.10298522848519541,0.22448550368386466,0.21159356514328398,0.23769835598128278
A,AsyCo,0.3,149,10,0.08985080930382745,0.08329115858046218,0.0965395324658904,0.19927868892792003,0.18217566974301988,0.21346001610663776
A,AsyCo,0.4,0,10,0.03858712969748773,0.028916418932226576,0.05134515595190647,0.09003650018018627,0.08235694309886944,0.09766098009507831
A,AsyCo,0.4,30,10,0.08475950342874636,0.07516349614627955,0.09366684762872945,0.1911226237140939,0.17586862495457897,0.20622197458704505
A,AsyCo,0.4,60,10,0.0815529459680029,0.07420344048742043,0.08876145712020268,0.1966148137027997,0.1850566818439491,0.20897706835074473
A,AsyCo,0.4,90,10,0.08099843063893403,0.07452625343062746,0.08741543393444298,0.2059369047272102,0.1916132270769088,0.21972702964366844
A,AsyCo,0.4,120,10,0.08176123381169917,0.07529075903563248,0.08862261529097393,0.19870025993170018,0.18253892417768627,0.21511922666116978
A,AsyCo,0.4,149,10,0.0849067808841374,0.07750849173199205,0.09252040920250611,0.21340315282723193,0.20193999701855064,0.22688110000818912
A,AsyCo,0.5,0,10,0.02766415252897899,0.022668492768884146,0.03242972011266365,0.10041501742037477,0.08966555305703865,0.11428164602513978
A,AsyCo,0.5,30,10,0.0814435055743369,0.07055836448220104,0.09813655395037316,0.17422548535574506,0.16475008129941582,0.18543151295249213
A,AsyCo,0.5,60,10,0.07381295961818439,0.0690231161668667,0.07844710981518618,0.19842281163307435,0.18879164734968237,0.20732542506763466
A,AsyCo,0.5,90,10,0.07285231591695032,0.06881942727327187,0.07790762287994916,0.19669112113003617,0.1854066792677579,0.2086007911767353
A,AsyCo,0.5,120,10,0.07743653352514045,0.07140410701537404,0.08450223611204705,0.2088867173351272,0.1945336491963277,0.22086269713631249
A,AsyCo,0.5,149,10,0.0751218643630814,0.06954331302403145,0.08107810205877233,0.20139589371172645,0.1950673537106126,0.2080621677861896
A,ELR,0.1,0,10,0.02499691818782843,0.019550919993806395,0.030263554656806763,0.08111613903638737,0.06973001263346472,0.09491621519875719
A,ELR,0.1,30,10,0.06383779009291819,0.05790631072825946,0.06981398755300677,0.15454159690407138,0.14341811678169225,0.1656859948393393
A,ELR,0.1,60,10,0.07672325347101926,0.06931331613497772,0.08450182572505635,0.21853285798723182,0.19274872392113981,0.24725872076168778
A,ELR,0.1,90,10,0.09833579898888674,0.0923994502231766,0.10442864024762777,0.2991121149149345,0.2811568488037132,0.3150604304440785
A,ELR,0.1,120,10,0.10580275142889935,0.10181358356512513,0.11016705005028289,0.37365291724634286,0.35692894016381965,0.3914475192655406
A,ELR,0.1,149,10,0.10680065525864343,0.10258448790551483,0.11126220956356972,0.4069655236831191,0.38815809586497085,0.42605731270764063
A,ELR,0.2,0,10,0.027622576337677052,0.020536102325201318,0.03586322325421621,0.088432560783176,0.07993630904271998,0.09689255006671028
A,ELR,0.2,30,10,0.06721583081600149,0.05897157326047525,0.07452572028082428,0.15462246130764712,0.13979714679722496,0.168962911724421
A,ELR,0.2,60,10,0.07286646346951742,0.06578756991959561,0.08025570777804916,0.19909952621879515,0.18559844756875,0.2142059670365484
A,ELR,0.2,90,10,0.09273057894341849,0.08891505231599729,0.09641760660772505,0.2803977358611228,0.2655045265868991,0.295393042104208
A,ELR,0.2,120,10,0.10180016669146708,0.09761906189764967,0.10540891124117638,0.3459662605826048,0.3302462976233444,0.36205043025687067
A,ELR,0.2,149,10,0.1004738129022694,0.09542165782419376,0.10535071255755388,0.3671795951049456,0.35405739797527386,0.37923342752265865
A,ELR,0.3,0,10,0.034117083518368826,0.02705057914081515,0.04176813986453114,0.09547449716755843,0.08411751093526036,0.10751856423686167
A,ELR,0.3,30,10,0.05607059018737746,0.05149940973839137,0.06038047957143704,0.1374144460062684,0.12677068105974662,0.147946328740121
A,ELR,0.3,60,10,0.07109774198829774,0.06480196195412667,0.07751147401043151,0.17923878063913884,0.1658890226957381,0.19299907633975827
A,ELR,0.3,90,10,0.0762712941323345,0.07118351278978398,0.08142577258707842,0.2317536394126404,0.22324710297063063,0.24075959470011948
A,ELR,0.3,120,10,0.08307791731324991,0.07911741107518011,0.08740410544072141,0.30290321646328905,0.2949091435178408,0.3111830886307253
A,ELR,0.3,149,10,0.08542630199392559,0.0823637524919641,0.08852924895978515,0.32757551825755665,0.31700275827877467,0.337808314532078
A,ELR,0.4,0,10,0.03302715662140769,0.025355482735219603,0.04150107274487006,0.0940505576955588,0.08866285945360834,0.0999272277340487
A,ELR,0.4,30,10,0.051280170034602834,0.0472522948568482,0.05565871968484492,0.13453472595236546,0.1256672732868067,0.14343429126387094
A,ELR,0.4,60,10,0.06647035830946398,0.05927570612461775,0.07115517516680335,0.16759998596042486,0.15351495192987938,0.17877011764461667
A,ELR,0.4,90,10,0.07318381090363886,0.06731073137819799,0.07794596598884813,0.21438653018368997,0.1993144430626255,0.2278104089835884
A,ELR,0.4,120,10,0.07532831303543122,0.07299553818712304,0.077827196739691,0.2718543236149197,0.26139904755027826,0.282083211016598
A,ELR,0.4,149,10,0.07775304185096679,0.07510145251634637,0.08057829890526522,0.2938767533342954,0.28557198474446255,0.3010661484122891
A,ELR,0.5,0,10,0.03319568708680755,0.026925505981617342,0.039541853292463666,0.08918117333869138,0.08027878025997708,0.09725175150147919
A,ELR,0.5,30,10,0.0516221149828059,0.045760845220099135,0.05720198241545516,0.13458107799302924,0.12224709296794663,0.1490685910206953
A,ELR,0.5,60,10,0.059764910072681546,0.05511627002878123,0.06418326188831194,0.1527862828360201,0.14452857717354103,0.16119242735434744
A,ELR,0.5,90,10,0.06667928656289195,0.062061951069724924,0.07236009097887731,0.1967525805561024,0.18341546305452275,0.21243915330012475
A,ELR,0.5,120,10,0.06801420474519021,0.06415932602404158,0.0722159076496618,0.24392749763681815,0.23286948883212652,0.2553807034579157
A,ELR,0.5,149,10,0.0697308958949776,0.0671314565637076,0.07186633440726516,0.26251387969546786,0.2508488086273794,0.27298057574553586
A,SCE,0.1,0,10,0.061165397998667395,0.04566588382697587,0.07562801162562842,0.16754944057264445,0.12023886628450216,0.2187286367096436
A,SCE,0.1,30,10,0.2666229897980251,0.23752659521775815,0.2915877806481131,0.2276006550837324,0.2152112353271121,0.23979992154361593
A,SCE,0.1,60,10,0.33736897817272754,0.2963783615348323,0.38361510099540364,0.27136019077808904,0.2558465753341924,0.28893047166620694
A,SCE,0.1,90,10,0.3982833897257546,0.34269042051116033,0.44567172091965745,0.3057724864993614,0.29851026489710025,0.3144244285952501
A,SCE,0.1,120,10,0.4004750526367384,0.38342377775475545,0.41942518365124054,0.36912156615421926,0.35957811619401386,0.3789099988982707
A,SCE,0.1,149,10,0.405184820348296,0.38903306157237805,0.42218181908724633,0.38417257361841023,0.3757752609822694,0.39463313222488505
A,SCE,0.2,0,10,0.0604720233326266,0.05008578322396219,0.07194751308836564,0.1834728668036964,0.13673727685163975,0.23001108204144358
A,SCE,0.2,30,10,0.17459075765436596,0.14260773615651887,0.20747933336303015,0.23881414887686542,0.22301218735566844,0.25442890334756474
A,SCE,0.2,60,10,0.2509881563822871,0.21294829245692615,0.28929559991505677,0.28201132500381154,0.26136223994233126,0.3061608618920643
A,SCE,0.2,90,10,0.31752092347341154,0.28514601123247457,0.34966146872123743,0.32263740021818704,0.30950263378556087,0.3385053729145425
A,SCE,0.2,120,10,0.32750049453949404,0.3111841823529233,0.344154770757277,0.37203813970799565,0.3589375188774643,0.3866085825871437
A,SCE,0.2,149,10,0.3225831870960119,0.30557451886763737,0.3401230825640763,0.38674111382143456,0.37730648753778373,0.3978768220078317
A,SCE,0.3,0,10,0.06752491302472916,0.05116842897150152,0.08672327767270928,0.16184749322783015,0.13365341013989165,0.19392288944904898
A,SCE,0.3,30,10,0.10650001852038102,0.09147911621272717,0.12228574698996385,0.2593135481585661,0.2401517311934642,0.2787918114553824
A,SCE,0.3,60,10,0.14713117880993914,0.12277750143539953,0.17248046543633133,0.30149961267163367,0.2713367240282331,0.33591424869070413
A,SCE,0.3,90,10,0.21535921134340147,0.18003458185779805,0.2502170007996816,0.3246564268438489,0.3067668907143568,0.34521746509982765
A,SCE,0.3,120,10,0.23748048725796106,0.2090289126466037,0.2635159831719413,0.38122398261232465,0.3586531271324612,0.40612393008084957
A,SCE,0.3,149,10,0.23922900152074794,0.2146913518782173,0.2636449083192785,0.39717019587444663,0.37879267198705086,0.41883575154998154
A,SCE,0.4,0,10,0.050741642668658535,0.03937054155990467,0.06167052633185907,0.13345911180527228,0.10251367613018221,0.17950760806970686
A,SCE,0.4,30,10,0.08618280057544798,0.08036058122806557,0.0926943169486597,0.24837510432196797,0.22190926303979844,0.27386733456949675
A,SCE,0.4,60,10,0.10996338608385267,0.10542484860736202,0.11458685275874725,0.3053494103848807,0.2828971822561623,0.3252774340119128
A,SCE,0.4,90,10,0.12949483959320232,0.12072022323106929,0.13973379862840582,0.3504585164714504,0.32737019293371,0.37534962255915555
A,SCE,0.4,120,10,0.12450830311690078,0.11763402287715605,0.131879812810613,0.40647504017158853,0.3921090407304585,0.4215444138211625
A,SCE,0.4,149,10,0.12449315521482365,0.11930093921334226,0.13103768210074687,0.4254324954099794,0.41263034330463677,0.4386097695097374
A,SCE,0.5,0,10,0.05823823885180189,0.04116372228855403,0.0797500571068756,0.13275723301815906,0.09862098652641185,0.17491932550862424
A,SCE,0.5,30,10,0.09094318912061773,0.08241151003100518,0.10217599345091434,0.252770750483143,0.22936529523112728,0.2773792399602206
A,SCE,0.5,60,10,0.09945481090803224,0.09408298846226497,0.10415910041460832,0.283777180789404,0.26791584083169684,0.2982473188480308
A,SCE,0.5,90,10,0.10053215821450992,0.09676031328478782,0.10458117581033566,0.33498057977676965,0.3161467608737338,0.35303999082882226
A,SCE,0.5,120,10,0.10616414326083834,0.10169808833683613,0.11144826202733511,0.3907807241655533,0.37426268828493725,0.4083582299110839
A,SCE,0.5,149,10,0.10621083233983335,0.10182683570595383,0.11112986310845052,0.4084149862268709,0.3967029472925884,0.41791875690403807
A,baseline,0.1,0,10,0.028436094987800815,0.019228036918381895,0.03853887869947755,0.1008639443244715,0.07801401643260317,0.12889653202525128
A,baseline,0.1,30,10,0.06530693280244189,0.05607312744239159,0.07471340698491147,0.17408777240436518,0.14812312183049833,0.20434107091281223
A,baseline,0.1,60,10,0.0903222745287617,0.08333229223112172,0.09890959785388384,0.24691124811846618,0.2153440954811508,0.2868396411529235
A,baseline,0.1,90,10,0.10239818617963126,0.09556144785713842,0.10917284268579258,0.32663204460721224,0.30744774253176654,0.34618675442881675
A,baseline,0.1,120,10,0.10593846627836456,0.10011828749016376,0.1117541101328466,0.397588358051399,0.38530115407501797,0.41240447853632306
A,baseline,0.1,149,10,0.11073457624851561,0.1050541711470169,0.11680177059374425,0.44365129098917516,0.4253830608358945,0.4606012166506039
A,baseline,0.2,0,10,0.025315615260753783,0.02007318353435242,0.030334450888507343,0.08406847507179196,0.07871659231977213,0.08930218474451974
A,baseline,0.2,30,10,0.06061108018406721,0.05514476532675877,0.06629985889681775,0.1455136421254612,0.13158730157265366,0.15918642700174668
A,baseline,0.2,60,10,0.0854548996934448,0.07934863214046735,0.09150556751439537,0.23174076640035265,0.21231485750387308,0.25123665587472493
A,baseline,0.2,90,10,0.09797884836054918,0.09292141526203179,0.10286356331322104,0.30328810003827716,0.2833857372843534,0.3251948065992267
A,baseline,0.2,120,10,0.10283656992474074,0.09825203901684816,0.10687015266663873,0.3747119269509933,0.3612341278776327,0.3886550163368355
A,baseline,0.2,149,10,0.10398905443953918,0.09919898519417568,0.10868766265108479,0.4009832290430692,0.38388310157858513,0.4182187434888817
A,baseline,0.3,0,10,0.029273884693143386,0.02305532245461392,0.03618104812648787,0.09174820255266317,0.08344796150090417,0.10047445922560731
A,baseline,0.3,30,10,0.055676839086481834,0.049222932188078425,0.06151638358818378,0.14401717127600253,0.1319595988165823,0.15834041348318387
A,baseline,0.3,60,10,0.078357060344577,0.07443800473388491,0.0820558678428688,0.19895665927925046,0.18500859923480337,0.21473893250256432
A,baseline,0.3,90,10,0.0819021411132355,0.07788465560372279,0.08586648341663944,0.24868003172305886,0.23454085598586386,0.26507266085070486
A,baseline,0.3,120,10,0.08449841328178602,0.08067714949419434,0.08948485072864074,0.3329484029864559,0.31981176915302506,0.34748740400136796
A,baseline,0.3,149,10,0.08748114035950458,0.08527503305179322,0.0895844903651625,0.35546556720006584,0.3434811985162575,0.3666704741061414
A,baseline,0.4,0,10,0.03283542599185853,0.02694184681149267,0.03905587548016636,0.0920696152239904,0.08510093573049723,0.09802043964903379
A,baseline,0.4,30,10,0.054801937305863704,0.05041821461061014,0.05945951544175652,0.14129191796517201,0.1332790754828672,0.14969647119627513
A,baseline,0.4,60,10,0.07075501054077757,0.06706504207292355,0.07455463940960533,0.17651973463174014,0.1667194242259814,0.18605860547471925
A,baseline,0.4,90,10,0.08053279879215883,0.07456398875117112,0.08612477411041138,0.23841132821502703,0.22284712173232749,0.2535508805699244
A,baseline,0.4,120,10,0.08050679312870251,0.07848833758705696,0.0824860534969883,0.2925079602589863,0.28606179403205656,0.3010687456319266
A,baseline,0.4,149,10,0.08292650727702901,0.0808054246357077,0.08529500174323269,0.3183601447137624,0.3111183221044952,0.32626818042838324
A,baseline,0.5,0,10,0.033230903413239817,0.027649166787482415,0.038540262362422376,0.08817114919488575,0.07973170614387637,0.09672994477586412
A,baseline,0.5,30,10,0.049902295386980475,0.04157500292702686,0.05800516627225555,0.1288001270462275,0.1147401075343167,0.14332049371904068
A,baseline,0.5,60,10,0.06782948723904485,0.05945834170530735,0.07823063316346264,0.16232849955979778,0.1526586541613834,0.1719204195788804
A,baseline,0.5,90,10,0.07021327319292532,0.06256627818373474,0.07837881322357347,0.21222436047029106,0.19270488485239295,0.23232254343306735
A,baseline,0.5,120,10,0.07629514317192825,0.07263385071918553,0.08036169281837333,0.27016092344765325,0.25672066546096123,0.28391490170599476
A,baseline,0.5,149,10,0.07579577247779276,0.07201117937196641,0.07904499190085715,0.2901197099053755,0.2823790198543962,0.2975941678838459
AP,AsyCo,0.1,0,10,0.06012641876791362,0.05098942915224663,0.06941769052284714,0.1462194841379041,0.11894811848355444,0.17628730059068823
AP,AsyCo,0.1,30,10,0.15615043461361566,0.14219233886874663,0.17019677043273335,0.33814434364127016,0.3120945424688052,0.3660633491857888
AP,AsyCo,0.1,60,10,0.21704834651607485,0.1978809580941453,0.23772287626638694,0.3251484183041952,0.3075268130443283,0.34559904259281393
AP,AsyCo,0.1,90,10,0.2420179051681992,0.2138424514857499,0.26964101195906226,0.31905007376125727,0.3022177733299766,0.3358559501802446
AP,AsyCo,0.1,120,10,0.25120932349020614,0.22822283853832173,0.2683966217307645,0.3343505386399643,0.30929449150818983,0.3608411405076326
AP,AsyCo,0.1,149,10,0.2320873904307253,0.20304189551177937,0.2567785693138507,0.3115936893822672,0.29606085830780077,0.3262401462668901
AP,AsyCo,0.2,0,10,0.05206641867663575,0.04570142142294699,0.05978682387909817,0.12415906908605649,0.11176254070591754,0.13699315019819996
AP,AsyCo,0.2,30,10,0.14200962067650158,0.13057461191865016,0.1564348958515035,0.3069998057267975,0.28559761402627576,0.32831860314456923
AP,AsyCo,0.2,60,10,0.17984296045782497,0.16783480680064738,0.1924477916528131,0.308885096977806,0.29636991773054977,0.3191712252124531
AP,AsyCo,0.2,90,10,0.19683172430516985,0.18084208964274942,0.2141523622061016,0.3235638536391579,0.3037552391755525,0.34390809114572946
AP,AsyCo,0.2,120,10,0.21768076009687548,0.19962376643313867,0.2373243240381854,0.33129465223254473,0.31949400562528324,0.34324170653467023
AP,AsyCo,0.2,149,10,0.2089294546217685,0.1925646208653014,0.22754202425849704,0.32211014915986913,0.30516779198081906,0.339380451963021
AP,AsyCo,0.3,0,10,0.06156735110042353,0.05504711966729402,0.06886901078709291,0.135184222471139,0.12211401809892766,0.14863166858099258
AP,AsyCo,0.3,30,10,0.1291025844272758,0.11742283890327294,0.14183674067805474,0.31189134496110815,0.293358095768047,0.32857085141903897
AP,AsyCo,0.3,60,10,0.16244094925230673,0.14148370366356558,0.18518835160911382,0.31503963902861154,0.3020517256500719,0.3302527473689054
AP,AsyCo,0.3,90,10,0.17731968499168677,0.16013140381637964,0.19673636211769338,0.3158071595798918,0.2997420132653701,0.3342667479252256
AP,AsyCo,0.3,120,10,0.190954955003369,0.16938311085759894,0.2139690261699295,0.31744261394844253,0.29594404480759,0.3398986897101077
AP,AsyCo,0.3,149,10,0.1763942655085838,0.1581781228022983,0.19483107285061202,0.2977076852915427,0.28215893021882127,0.3165389876126217
AP,AsyCo,0.4,0,10,0.05452627803615436,0.04646641845784408,0.062387909523138434,0.1247805607926095,0.11636218474185456,0.13295498005872286
AP,AsyCo,0.4,30,10,0.12949795327113284,0.11810563188253795,0.1412835687168001,0.29116305473640497,0.27233114819398735,0.31351275118182814
AP,AsyCo,0.4,60,10,0.14279439084859982,0.12970833151439343,0.1548691068211372,0.3006679409124392,0.28266817057971744,0.319924505060995
AP,AsyCo,0.4,90,10,0.15553568405621088,0.14117807701813018,0.1708699418157665,0.32044905206428353,0.3082983069523704,0.3312240703132841
AP,AsyCo,0.4,120,10,0.15813853199072975,0.13544553748304322,0.1830752073796033,0.30760825573840656,0.29418456277778726,0.32071880419489623
AP,AsyCo,0.4,149,10,0.1591534714988539,0.1428118414511132,0.17717419837396306,0.31976629720170474,0.30551696471192685,0.3325198002879924
AP,AsyCo,0.5,0,10,0.05294023501886327,0.04595440262477592,0.060465738591805686,0.12510847331054564,0.11567896946344795,0.13820075319334618
AP,AsyCo,0.5,30,10,0.11423743692344837,0.10493155251168425,0.12456895703403152,0.2884013742952257,0.27146101972028575,0.3018601547608621
AP,AsyCo,0.5,60,10,0.14044967601593877,0.12546816055646917,0.15616097253121705,0.2977707211391699,0.28819819979044026,0.3074334856284693
AP,AsyCo,0.5,90,10,0.1450477147610672,0.12928425600771284,0.16221040716797966,0.28836731915894714,0.2706394698095027,0.3039902106595153
AP,AsyCo,0.5,120,10,0.1611610642335028,0.145632584058467,0.18342314695586717,0.3155047367546251,0.296996645552236,0.33102404260644724
AP,AsyCo,0.5,149,10,0.15048652862598,0.1376883693633528,0.16524095134717073,0.29995155804616,0.2797930874100535,0.3157187890696152
AP,ELR,0.1,0,10,0.057995207072374676,0.04684881309005652,0.07011828948713587,0.14419085094801037,0.11186843017971544,0.1827876904950831
AP,ELR,0.1,30,10,0.1063532214809995,0.09991312981428016,0.11271317064188466,0.3169078414935952,0.28158240632241294,0.35017707751502314
AP,ELR,0.1,60,10,0.11815166975529737,0.11449262631724653,0.12201583173487032,0.41910197236032787,0.38582535630367404,0.4506166415009918
AP,ELR,0.1,90,10,0.12272646526404632,0.11862077611967331,0.12736894913925714,0.5586958824084312,0.5380783347683811,0.5785817043958746
AP,ELR,0.1,120,10,0.11865982561900734,0.11473508399430925,0.12263008561064083,0.6435037372123315,0.6208870043665339,0.6652365672293487
AP,ELR,0.1,149,10,0.11894925414798499,0.11418645461898444,0.12395791918811114,0.6676709434965928,0.6386100714390932,0.6915747245569962
AP,ELR,0.2,0,10,0.05087093945243283,0.040935634253391216,0.062113424230927645,0.12017508921444524,0.10685731338682122,0.1351576850812213
AP,ELR,0.2,30,10,0.10343076080022258,0.09860802850015736,0.10862879427559986,0.3051800579286839,0.27191905470849986,0.338817230915244
AP,ELR,0.2,60,10,0.10908014454734363,0.10196647223727273,0.11776430063964911,0.4093464005250967,0.3840081952420547,0.433930147158919
AP,ELR,0.2,90,10,0.11554471524962769,0.10959266522670984,0.1212184555046663,0.5254795723143738,0.5077966135888974,0.5438850748955689
AP,ELR,0.2,120,10,0.11999222426988362,0.11442388790918454,0.12491633809663466,0.6169070108742856,0.6009932241436904,0.63188044895169
AP,ELR,0.2,149,10,0.11960716686985214,0.11559641182674914,0.12315600931151238,0.6470289372013648,0.6320721622094709,0.6606721782101727
AP,ELR,0.3,0,10,0.059536757217490556,0.05446757614998755,0.06604580722798534,0.13025239494384996,0.11599134677892377,0.14525805700620298
AP,ELR,0.3,30,10,0.07697325948632495,0.06670557312038668,0.08824545345035073,0.24619132639521069,0.22416327122883303,0.2713862512261737
AP,ELR,0.3,60,10,0.09902434742150393,0.09492321703071721,0.10311958415233942,0.3621065729168678,0.34276452752540876,0.38452439002477923
AP,ELR,0.3,90,10,0.10070019614438186,0.09825096623516771,0.10314808544061307,0.4867987039547487,0.46172475152461984,0.5120381882429222
AP,ELR,0.3,120,10,0.10634443622075865,0.10485242927420424,0.1079813466564387,0.5683451421402109,0.5540369661090626,0.5821625924312931
AP,ELR,0.3,149,10,0.10819341402247126,0.10628856920535942,0.11039064692352847,0.5999963898671883,0.5924119028183524,0.6074575759207119
AP,ELR,0.4,0,10,0.04349609515047998,0.03508249476058363,0.05205331580900333,0.11142034652974256,0.0981269958062978,0.12528876895229202
AP,ELR,0.4,30,10,0.0874405923194554,0.07782807392878682,0.09845918588559756,0.2535452425015273,0.2243376561666317,0.2888462783738023
AP,ELR,0.4,60,10,0.0882008303133304,0.08362339337705668,0.09211950876571204,0.31383080863005686,0.2997118825295191,0.32569421401663123
AP,ELR,0.4,90,10,0.08878061535023768,0.08605807277546088,0.09137785175452982,0.4224695524336318,0.4045921299738689,0.435789551564942
AP,ELR,0.4,120,10,0.09574637551337065,0.09340295617841887,0.09834198010478452,0.5231395177001418,0.5047933937106985,0.5403075234933954
AP,ELR,0.4,149,10,0.09878316684490032,0.09536745254257235,0.10272501653034412,0.5439300024565747,0.5266024717323431,0.557407248148836
AP,ELR,0.5,0,10,0.05054666204108571,0.0456788903023918,0.05498267964182972,0.12589641874805244,0.11587115926374722,0.13566711481449945
AP,ELR,0.5,30,10,0.07212546795078138,0.06308923102961664,0.08344024643055747,0.20004919630636597,0.17948917518195792,0.22357651908338075
AP,ELR,0.5,60,10,0.07577699754031839,0.07037002134831244,0.0810053544961589,0.29153627677290883,0.2632015381721214,0.3200799263267381
AP,ELR,0.5,90,10,0.082247325115582,0.07974022951912382,0.08512046020412646,0.39387630473346025,0.3740385968610606,0.4155094746707399
AP,ELR,0.5,120,10,0.08627025921117333,0.08315122332711047,0.08859868148047895,0.47528081008597656,0.45477456487506096,0.49706066397893467
AP,ELR,0.5,149,10,0.08700391926393529,0.08455611622134118,0.08916194541782198,0.49911484917447246,0.4822277184755104,0.5173147796317825
AP,SCE,0.1,0,10,0.13376443160176227,0.09699573185529649,0.1757877803634012,0.2547485600491888,0.1942100162887514,0.31699876139722194
AP,SCE,0.1,30,10,0.4677012799427058,0.41963415574110285,0.5030232750412232,0.2838675522941756,0.26897242667446564,0.29877241276894395
AP,SCE,0.1,60,10,0.421656094656491,0.3733426785183738,0.467070061534653,0.3361460994676654,0.3206050020403932,0.35322058313539445
AP,SCE,0.1,90,10,0.46530158271061606,0.4442984017096152,0.48613524669875335,0.40777634501729343,0.3935175645675943,0.4211169869022345
AP,SCE,0.1,120,10,0.4598887055551068,0.44489062979631827,0.47232772063268685,0.45739297347859476,0.44699594178194485,0.46751822475944993
AP,SCE,0.1,149,10,0.45621243444126336,0.4400215387495609,0.47008093342192864,0.4742463287088811,0.4602833127378608,0.49056906380001236
AP,SCE,0.2,0,10,0.07260040501172624,0.05821469009418267,0.08541586028644536,0.19868873999239914,0.13824859344667806,0.26470839015100006
AP,SCE,0.2,30,10,0.3668889527809301,0.2962291177813708,0.43748005207597984,0.2875573975321978,0.2692268960324074,0.3093551035098552
AP,SCE,0.2,60,10,0.3869764092845974,0.34242884242737254,0.42905287884015303,0.3408910577778826,0.3161525050958072,0.3685732281967917
AP,SCE,0.2,90,10,0.3868672224739221,0.3639036313535699,0.4090803651027869,0.42551860104195416,0.402542530838391,0.4504132348598391
AP,SCE,0.2,120,10,0.392115043465233,0.3645830650475138,0.41634342384098033,0.481633187327761,0.4648307084074958,0.5035560001674514
AP,SCE,0.2,149,10,0.3871431169892475,0.3720688053649859,0.40264152950948406,0.5021718851633556,0.48903695486844306,0.5163003367811007
AP,SCE,0.3,0,10,0.09246432289625192,0.0738421188845688,0.11034036209690916,0.2548115491994186,0.19936388463770147,0.31284235284277856
AP,SCE,0.3,30,10,0.2639180782354992,0.2072071713281587,0.3267065234253734,0.3229828714492925,0.2883963694777289,0.3607574474984685
AP,SCE,0.3,60,10,0.2738041376991229,0.23020333761653836,0.3185182195937151,0.35818732188072117,0.32516806629719247,0.396803794961786
AP,SCE,0.3,90,10,0.31482414634094275,0.28546857811364057,0.3453221478512684,0.42597049592373953,0.4031150492912892,0.451166596731181
AP,SCE,0.3,120,10,0.31617488120055637,0.29723827990329527,0.3336945407246969,0.49247429031419154,0.47024085073035177,0.5162229798188901
AP,SCE,0.3,149,10,0.32610592076579153,0.31109340326396223,0.3431748243153362,0.5134986825727597,0.49862105155487474,0.526793414044448
AP,SCE,0.4,0,10,0.060300433377260244,0.04649689741745303,0.07473077955433585,0.15970615429876975,0.12136316057666116,0.19976870705402042
AP,SCE,0.4,30,10,0.16856678120783863,0.13277366631765927,0.2093355146839166,0.3133405137855071,0.2814762085615636,0.343153707741355
AP,SCE,0.4,60,10,0.17918533373394002,0.1487626658216694,0.21433557657573354,0.38415972796584197,0.3670783098765913,0.400472866956654
AP,SCE,0.4,90,10,0.2306625106721754,0.20344232489688582,0.2577971003437464,0.43517526304479237,0.41074025374286255,0.4605361569115027
AP,SCE,0.4,120,10,0.23565771673519142,0.2143811109339928,0.25521995291838884,0.5157196332197055,0.4943624499110458,0.5358574731800296
AP,SCE,0.4,149,10,0.23035273312055052,0.214149168233289,0.24560954097146523,0.5335460908924062,0.5172570701237439,0.5493468584069804
AP,SCE,0.5,0,10,0.09037449149583673,0.05934503238038089,0.13480112225661622,0.20560826447049182,0.1412491852974354,0.2803843525850035
AP,SCE,0.5,30,10,0.11085694705374893,0.09902347436150644,0.12110646379177097,0.32711811214135006,0.27927795990719223,0.36525627268064365
AP,SCE,0.5,60,10,0.130737214616339,0.11857525683880007,0.14467468393857622,0.3998646981214244,0.3751559580393985,0.42417153551017944
AP,SCE,0.5,90,10,0.1376385519732693,0.12522386052215215,0.15039844310383052,0.4627760180789947,0.43981957478856554,0.48596789094968024
AP,SCE,0.5,120,10,0.15910991704120628,0.14622855569792578,0.1717684215509829,0.531188820360114,0.5119635888546037,0.550186527903715
AP,SCE,0.5,149,10,0.16718690760362648,0.15381530960634568,0.18122029512903637,0.5499470523692933,0.5340957154098922,0.5666827960945602
AP,baseline,0.1,0,10,0.05664909983391422,0.044826953091888985,0.0690812775404869,0.13994406786742303,0.11267434480355781,0.1673276923190605
AP,baseline,0.1,30,10,0.11289187758039791,0.09881950246155773,0.12606344999170038,0.3429329723660927,0.2963195690418015,0.38933317630271913
AP,baseline,0.1,60,10,0.11544344166991187,0.10855954294163647,0.12263648888800688,0.428354930414842,0.40602967274235524,0.4499022624991446
AP,baseline,0.1,90,10,0.12123209325127612,0.11482682590740328,0.1275008621985041,0.5664886537959404,0.5458286973600982,0.5882312637901551
AP,baseline,0.1,120,10,0.12149245575565129,0.1159599519383272,0.12693885180009243,0.662209368358355,0.6470054535419852,0.677910335885907
AP,baseline,0.1,149,10,0.11942386904412483,0.11392262495696884,0.12471107246376847,0.6930969105237256,0.6740780035199363,0.7110569537158211
AP,baseline,0.2,0,10,0.061273589157391006,0.04854669136793018,0.07656423418527084,0.1418099276215355,0.11721839204461659,0.18099011066383247
AP,baseline,0.2,30,10,0.10494223773353643,0.09453862746738115,0.11641984805979368,0.32645773210685747,0.28862082927766125,0.3625630857151611
AP,baseline,0.2,60,10,0.11207300597271777,0.10577937648929533,0.1190206756541552,0.416235615100213,0.3810250772006937,0.45445457955183416
AP,baseline,0.2,90,10,0.11038984307618734,0.10633764101689808,0.11436086402608472,0.5297320490707069,0.5137554764674461,0.54480904791785
AP,baseline,0.2,120,10,0.11560652357105275,0.11115635535166053,0.11964457300620045,0.638479520283793,0.6275731081454179,0.6484417804053693
AP,baseline,0.2,149,10,0.11605336431217209,0.11048608623348524,0.12049833224642291,0.6625335167439205,0.6471987335542113,0.6777374316784976
AP,baseline,0.3,0,10,0.0552679687321319,0.05075770198919132,0.0604578838211689,0.12831916413336067,0.11370174539273327,0.1438131928267185
AP,baseline,0.3,30,10,0.08635850789292482,0.07681988350719941,0.0950209371909511,0.27518232674987086,0.25264588796749377,0.2972136817291286
AP,baseline,0.3,60,10,0.09924031625851595,0.09339602836170266,0.1050482056545602,0.37114858912461635,0.34651957708088504,0.39723325674222815
AP,baseline,0.3,90,10,0.09737176369390829,0.09299925797810968,0.10174322626450229,0.48277521349051356,0.4612886569376348,0.5082620246503029
AP,baseline,0.3,120,10,0.10633263319775565,0.10416984268391569,0.10856232125265587,0.5875979353911311,0.5711039629039971,0.6061465761642776
AP,baseline,0.3,149,10,0.1092809262051313,0.10669505128443499,0.11184162017309343,0.6198144231055635,0.6125926337333383,0.627126777000825
AP,baseline,0.4,0,10,0.05062464208719453,0.03954931293689155,0.062307625236851696,0.140090522367896,0.10512938965085253,0.18362998486170254
AP,baseline,0.4,30,10,0.08461390364117316,0.07654797360035823,0.09447317405106007,0.25494909882343364,0.2196187027255093,0.2954676667636037
AP,baseline,0.4,60,10,0.08968089881902687,0.08643781780018749,0.09282846427932098,0.327803435439871,0.31443940606365417,0.3432565724360691
AP,baseline,0.4,90,10,0.09484486387825632,0.09081763677379329,0.09850027498876182,0.4575805520681442,0.4359848426674713,0.4756103397943607
AP,baseline,0.4,120,10,0.10129755693890737,0.09710520967345948,0.10550729840658724,0.5418881541997551,0.531350002437509,0.5525658612171837
AP,baseline,0.4,149,10,0.1024024040084289,0.0996027592012397,0.10522280963651769,0.5703172762678367,0.5576676052206995,0.5817099643171759
AP,baseline,0.5,0,10,0.05419381566702373,0.04922234997794114,0.058727653640408446,0.12745865588138633,0.11847141892219293,0.14064635002304182
AP,baseline,0.5,30,10,0.07630399089364646,0.06786769324417394,0.0831179198768354,0.21905781537169614,0.194262573363554,0.24340650281063816
AP,baseline,0.5,60,10,0.08274006359356287,0.07826572164834926,0.08810186625481596,0.31668381792943245,0.2984950615452893,0.33626990341874663
AP,baseline,0.5,90,10,0.09721673189691268,0.088841835445418,0.10920277567639798,0.40578292088419704,0.386209462210551,0.42358785655572034
AP,baseline,0.5,120,10,0.09686012318431787,0.09306599263412282,0.1008908306778035,0.5012870634012422,0.4854831426853053,0.5179859661793025
AP,baseline,0.5,149,10,0.10015132236624233,0.09730671107458065,0.1033996191945279,0.5268562850402962,0.5172199851659439,0.5364959882414485
S,AsyCo,0.1,0,10,0.027357997945290945,0.01843590170079844,0.03812234887767062,0.08297835778048705,0.07218696986893931,0.09400310601047424
S,AsyCo,0.1,30,10,0.10589928077622712,0.0973516400916886,0.11483748013174885,0.24160549105545442,0.22345302815066478,0.26087441608672024
S,AsyCo,0.1,60,10,0.10091556774350074,0.09563100633366992,0.10670444959737055,0.24615068128934642,0.23429896904834613,0.2582784381370605
S,AsyCo,0.1,90,10,0.1025696133456849,0.09299917314376929,0.1139207563459799,0.24524115195159574,0.23296610845767468,0.2577273199087478
S,AsyCo,0.1,120,10,0.11713482686604512,0.09784031041133737,0.14229911440084744,0.24839563133990405,0.2250954110521859,0.27142333540053587
S,AsyCo,0.1,149,10,0.10417683062176575,0.09345765884144727,0.11677890839541107,0.2390873201357227,0.21645385345359253,0.261161413886678
S,AsyCo,0.2,0,10,0.02999075659716169,0.02189724329184504,0.04124058972457897,0.10945615249478369,0.07495398914199447,0.16627943186753386
S,AsyCo,0.2,30,10,0.0963668083388308,0.08577120508786829,0.10693705830968542,0.21539248768590583,0.1898236162077609,0.24417533082637413
S,AsyCo,0.2,60,10,0.10097150154898324,0.09377748995111158,0.10682450329508782,0.23514514079744514,0.22237362816293918,0.24865873988308157
S,AsyCo,0.2,90,10,0.10127147408834569,0.09294848758031515,0.10960062251204443,0.23098364142831856,0.21301783815314576,0.2514807796628732
S,AsyCo,0.2,120,10,0.10609940544187238,0.09884030628009294,0.11162932953918847,0.24363853472994754,0.23071820188200828,0.2587794674936156
S,AsyCo,0.2,149,10,0.10307708834876605,0.09400006384065948,0.11083687950797412,0.2398171102583994,0.22463500291794342,0.2546029834605772
S,AsyCo,0.3,0,10,0.025316980611051317,0.018836280864779568,0.03230894802867119,0.08886600914718869,0.0786873701497463,0.09859153418836139
S,AsyCo,0.3,30,10,0.08980253710666722,0.08282110141631745,0.09572075977221442,0.21749913000678295,0.19712860172967134,0.23908512012393165
S,AsyCo,0.3,60,10,0.09531022406897786,0.08841929940970232,0.1025095077103458,0.22505972713603845,0.20847002405630885,0.2421996950093362
S,AsyCo,0.3,90,10,0.09357328859538397,0.08864301956186932,0.09809580560985431,0.23081904273026357,0.22194772949711597,0.24019032459462064
S,AsyCo,0.3,120,10,0.09754169414665206,0.09131093592225666,0.10391707136869661,0.23317838685889716,0.21811338720990534,0.2504486126814886
S,AsyCo,0.3,149,10,0.09289647436769678,0.08951550718206448,0.09589857292202517,0.22771056231582842,0.21665961179855375,0.23911874515603726
S,AsyCo,0.4,0,10,0.035775659384272185,0.025418517323546323,0.04624058826691611,0.1053421412939487,0.08675694609047997,0.1297803195129747
S,AsyCo,0.4,30,10,0.09484134427042057,0.08361250191855997,0.10950813202814245,0.21696511000245455,0.20548158034044128,0.22972893609591133
S,AsyCo,0.4,60,10,0.09503530784192203,0.08532060455991664,0.1064244013770743,0.21126578464215737,0.20055040588909187,0.22364572687628587
S,AsyCo,0.4,90,10,0.10183072704013367,0.08793344771281046,0.11874208236310081,0.22575900276219837,0.21025487685116548,0.24190083075297983
S,AsyCo,0.4,120,10,0.09486700632248056,0.08428709812318394,0.10643111807685648,0.2207800611202031,0.20000597973838438,0.2434059279562964
S,AsyCo,0.4,149,10,0.10220429289283246,0.08705278816245438,0.12144994426746937,0.22333792187138174,0.20439233919259628,0.24666183717480436
S,AsyCo,0.5,0,10,0.030653659048240023,0.02443519457500807,0.036992879647704466,0.09453985987674078,0.08159947337321267,0.1116673591618269
S,AsyCo,0.5,30,10,0.08297690223681042,0.07516596481922747,0.0916614044340484,0.1984910012042487,0.17946513817779147,0.21676384945808694
S,AsyCo,0.5,60,10,0.08136675620098908,0.07393552952588495,0.08880747249113174,0.20760403910497124,0.19482465868277044,0.21925704279668862
S,AsyCo,0.5,90,10,0.08371087002005441,0.07481071433926618,0.09459005603233032,0.21303080689403867,0.20035296941856365,0.22540735708421006
S,AsyCo,0.5,120,10,0.08648692829808216,0.07953767439088763,0.09307879123777646,0.22316161449078042,0.20837815339181148,0.2397155671865649
S,AsyCo,0.5,149,10,0.08536207643741511,0.07555680022333544,0.09622029926112338,0.20946240513935588,0.19808894234090016,0.22072840708646688
S,ELR,0.1,0,10,0.024049923459708966,0.014525821379129814,0.03730798928983862,0.09096113583953502,0.0668088363077516,0.12838557564661732
S,ELR,0.1,30,10,0.08006137448830594,0.0696650532107297,0.09016747253258936,0.20348607000063462,0.1822823098035292,0.22866493028103885
S,ELR,0.1,60,10,0.08694482612558219,0.07765414704379163,0.09766288272431102,0.2640518067446519,0.23507669513463822,0.3006093480070965
S,ELR,0.1,90,10,0.10195088979481334,0.09123960177326247,0.11149884192134961,0.33373659468421646,0.3135555650479485,0.35490685365658187
S,ELR,0.1,120,10,0.10611102219282371,0.09873963802505106,0.11290031228347042,0.4045964723909726,0.38556938876706986,0.423839750880454
S,ELR,0.1,149,10,0.11045802954994162,0.10488448490045928,0.11654827563995981,0.4409838483109262,0.42067864763067,0.4592218751831846
S,ELR,0.2,0,10,0.026272252608353263,0.018392667528428216,0.03462765284884933,0.08727530429063762,0.0745058811734517,0.10171372965970855
S,ELR,0.2,30,10,0.06799139392350236,0.06336845753902946,0.07313541590761362,0.18014357256315225,0.16694850354797583,0.1955141796778804
S,ELR,0.2,60,10,0.08231648474461697,0.07485739434951749,0.08932595094201731,0.23487144900573428,0.21346988667121045,0.25558311540391065
S,ELR,0.2,90,10,0.09139609691473008,0.08740614284411831,0.09546859211753098,0.30931304306958773,0.2929790677528332,0.3239739145972474
S,ELR,0.2,120,10,0.10176223073699053,0.0972876953570388,0.10655822192488414,0.37757836480657925,0.36268477664049315,0.3924014483722488
S,ELR,0.2,149,10,0.10344167150469856,0.09792839029619921,0.10851755851491231,0.4150091619890534,0.39506040973031237,0.43285701735583926
S,ELR,0.3,0,10,0.032486519826124424,0.022903002978326426,0.041920045046038155,0.10901203984756061,0.07995898283823126,0.1513559064891633
S,ELR,0.3,30,10,0.060482534655234246,0.053739547805258095,0.067620540887405,0.15190143138870088,0.13807877669435695,0.16677336408392765
S,ELR,0.3,60,10,0.07936093791129314,0.07283313293071209,0.08652766775993732,0.22042344356077653,0.20601449833456195,0.2358034358314381
S,ELR,0.3,90,10,0.0795466703333654,0.07202539723239011,0.0874240509505821,0.2435001514237752,0.22920093245904147,0.25874558740809595
S,ELR,0.3,120,10,0.08756901776817394,0.08283202245522224,0.09256384268282844,0.32436042713980096,0.31380081457395737,0.33476189116649574
S,ELR,0.3,149,10,0.09006791257736706,0.0866181020071204,0.09337898268756761,0.36266372426044996,0.35253642164081533,0.372941141919371
S,ELR,0.4,0,10,0.03397696799157391,0.026764820098754943,0.04081658549981426,0.10247709457271481,0.08516258445692755,0.12562120281699724
S,ELR,0.4,30,10,0.060982308834255504,0.05346723537451546,0.06773372042843442,0.15735695087846924,0.143086429762654,0.17008650264032538
S,ELR,0.4,60,10,0.07028553667418232,0.06686069919275416,0.0738933024013837,0.187897363626666,0.17702657524120358,0.19922010157573294
S,ELR,0.4,90,10,0.07407870055870316,0.06702544596520588,0.08190285342306877,0.23314592852202237,0.20929382791452855,0.2599352488254116
S,ELR,0.4,120,10,0.07718188528431841,0.07323170846321145,0.08087121486165337,0.2981917503355992,0.2827869568104799,0.3135480237195289
S,ELR,0.4,149,10,0.0790484446130085,0.07612383445145467,0.08225141537817268,0.33151931366284215,0.3214570484862022,0.34102630450986715
S,ELR,0.5,0,10,0.02965962728489911,0.023218547118118646,0.03585552111764912,0.08222143345029533,0.07322135276562616,0.09306907726492619
S,ELR,0.5,30,10,0.06081484250375252,0.056375224936967824,0.06569311490202923,0.14455393266792882,0.1381723558517038,0.15160860725064657
S,ELR,0.5,60,10,0.06353745426184451,0.059065990412391224,0.06810389371261348,0.16904104420029403,0.15896756108954518,0.17909446326230924
S,ELR,0.5,90,10,0.06730400985420588,0.06333297077329357,0.07145921657013166,0.2159903473464689,0.20054018572409832,0.2335766575214233
S,ELR,0.5,120,10,0.06842104744522298,0.06555032713355195,0.07065023485536534,0.2578335455605819,0.2488363313785076,0.26615143029555155
S,ELR,0.5,149,10,0.07057261261251813,0.06705650138525672,0.07356173025886788,0.29483077966814686,0.28344316587333435,0.30427227165680487
S,SCE,0.1,0,10,0.08952165686154916,0.08162789232779157,0.09776465746153312,0.2891376232587811,0.23943781877496245,0.3396656637487923
S,SCE,0.1,30,10,0.37360896093366813,0.3157346517706843,0.43429628429945055,0.26033532099392076,0.24994335851496455,0.27141179964046536
S,SCE,0.1,60,10,0.3397122888442033,0.2928902495220107,0.39083242341662133,0.3034414969047007,0.29438046407983004,0.3125123621338913
S,SCE,0.1,90,10,0.4241592276754188,0.39271501837220735,0.4557460974945764,0.3485687785761539,0.33547450224018777,0.36035996342918086
S,SCE,0.1,120,10,0.41960943570289916,0.39710247181403074,0.44300084727682687,0.41120696832977677,0.39774437228332177,0.42362956071523544
S,SCE,0.1,149,10,0.4350627580366277,0.4205383439185901,0.45039170753825003,0.42889093204708617,0.4173734155047334,0.44095771994698335
S,SCE,0.2,0,10,0.06841331480232982,0.05445099648071127,0.08067394763949363,0.1922958455567463,0.13430730922741435,0.2558933341642816
S,SCE,0.2,30,10,0.2900011924918057,0.2540430308429355,0.32241480762961744,0.2693756781461005,0.24542554358981974,0.3004439428556662
S,SCE,0.2,60,10,0.3202528410148835,0.28233545431331175,0.36027212414970644,0.31938670683387443,0.3030139302705342,0.337847427954369
S,SCE,0.2,90,10,0.30846174518095026,0.2734425857862483,0.3410661695448212,0.3788750770879275,0.36013097735617655,0.3986727769302798
S,SCE,0.2,120,10,0.34720760082447516,0.33065586887062604,0.36362242901199604,0.4361627693047633,0.41982919311688643,0.45518260502152286
S,SCE,0.2,149,10,0.3593607512470694,0.34976466462130845,0.3679308276451174,0.45524295903567147,0.4447892815170587,0.46560338738981666
S,SCE,0.3,0,10,0.08354323364166469,0.06831265658463911,0.1019221276781078,0.23693289133656042,0.17139186959501176,0.3022069362319428
S,SCE,0.3,30,10,0.19806112018179559,0.15598596578841117,0.24421148607656976,0.27810482594393743,0.2516386887308618,0.3131528822477795
S,SCE,0.3,60,10,0.25254430490945545,0.2049037168844113,0.3007253387428031,0.3193642137454463,0.29870169665886936,0.3456023974047029
S,SCE,0.3,90,10,0.2579870856005854,0.23003732758931875,0.289907862412156,0.377316372557606,0.35311945757641083,0.4039596623600436
S,SCE,0.3,120,10,0.2761873760482957,0.2557843174138981,0.29861059267222456,0.4342184994711162,0.41670001051990957,0.45249858948074284
S,SCE,0.3,149,10,0.29586001074683665,0.28498897854806043,0.3053303978575794,0.45261156071993175,0.44443790807226974,0.4617077930891428
S,SCE,0.4,0,10,0.0892119967355525,0.06643005459488288,0.1163904024006438,0.1888208497519928,0.13939637994583673,0.24514855034547497
S,SCE,0.4,30,10,0.12321423796151365,0.11042999194501804,0.13859277302559722,0.3142272272488545,0.2828133128554083,0.3424037177325101
S,SCE,0.4,60,10,0.1518153970099878,0.13209939513551416,0.1720728477132337,0.3326557932188207,0.3067435869557346,0.35994434676715914
S,SCE,0.4,90,10,0.1630131675710349,0.1425392481525377,0.18735627616520484,0.36138632786394154,0.32302479764969877,0.4047637457898361
S,SCE,0.4,120,10,0.18625786377597892,0.16485548494019178,0.20809458529628452,0.4469173451180682,0.42453935645414376,0.4699276070421015
S,SCE,0.4,149,10,0.1977569229894577,0.17988590948034017,0.21819183590374272,0.4741455492346927,0.4543273553032795,0.4948420111581539
S,SCE,0.5,0,10,0.06273779762987715,0.04751137530528583,0.07718208399835605,0.1989486901260263,0.14084084011037748,0.26010179853608717
S,SCE,0.5,30,10,0.1492242934714174,0.12223441702233848,0.18544481668814053,0.2900452079010417,0.2546914662282233,0.331003241729328
S,SCE,0.5,60,10,0.1299904529513875,0.10815058111470013,0.15732090584277864,0.3028251677554796,0.2655399974797874,0.342424372113361
S,SCE,0.5,90,10,0.14168572766493,0.13015569093794144,0.155945578967544,0.3947088688010852,0.37407059448385593,0.4186815030172394
S,SCE,0.5,120,10,0.13400375579457277,0.12613262256277752,0.14174258012908153,0.44850102776305556,0.429304163467135,0.46781381960720597
S,SCE,0.5,149,10,0.14278603268346854,0.13071685635689345,0.15688807191503473,0.47545032913252233,0.4650664258315051,0.4869076517682316
S,baseline,0.1,0,10,0.021828282028344415,0.013901090378994198,0.03281761637934633,0.08970536740331615,0.06778023082444433,0.12411375905516496
S,baseline,0.1,30,10,0.07998201875100304,0.0709480181494626,0.0880658419353711,0.21235104898151747,0.1798349023789509,0.2487812643948254
S,baseline,0.1,60,10,0.08690042484492405,0.07633506845093709,0.0980788682852505,0.27424798641957193,0.24115643356613506,0.3085224142610275
S,baseline,0.1,90,10,0.10511310339874964,0.1004799888364544,0.11015575563198761,0.3462987895674227,0.3215880783030015,0.3714814324184774
S,baseline,0.1,120,10,0.11107033645146827,0.10583255394898346,0.1159774550852415,0.43201283361082743,0.41602592168036734,0.44965307788250675
S,baseline,0.1,149,10,0.10998283521416692,0.10503637534980248,0.11430194552620658,0.4659592062174232,0.4499338612233956,0.48144794310527744
S,baseline,0.2,0,10,0.026546047387356404,0.01961753210519713,0.034419730672846115,0.08572935230681976,0.07004846319686626,0.1040202664745089
S,baseline,0.2,30,10,0.07089335403301165,0.06398642951299319,0.07779195389501273,0.18062771414081497,0.16784314080189527,0.19478903962779856
S,baseline,0.2,60,10,0.0890263432290626,0.07998850684551549,0.09683424208284452,0.24843547192615062,0.2312525036672962,0.26677795187228287
S,baseline,0.2,90,10,0.0955257131009539,0.08740692880550559,0.10474820140472571,0.32586886025874984,0.3083672422859549,0.34546131821891757
S,baseline,0.2,120,10,0.10386848323388509,0.09757755379251912,0.10996869580862641,0.39870036687270677,0.3856720141765905,0.4107376571536495
S,baseline,0.2,149,10,0.10410634931903413,0.10001925587166997,0.10802678663309968,0.43470098527022805,0.4207976233884361,0.4498896629664361
S,baseline,0.3,0,10,0.03246292920939584,0.023234506025436995,0.0407691272548948,0.10075521554878113,0.08274157565605682,0.12187695200833523
S,baseline,0.3,30,10,0.06420715298513806,0.05811629399469683,0.07196985863365193,0.16317849304124402,0.15155396998550785,0.17608250458800698
S,baseline,0.3,60,10,0.08065928419264635,0.0766435657757259,0.08485339392578609,0.22567172759471835,0.21095710959450592,0.24112175766894603
S,baseline,0.3,90,10,0.08409451854904985,0.07811615841260273,0.08954667632906872,0.2943343562968444,0.27646873278488066,0.3150832382144509
S,baseline,0.3,120,10,0.08948421045962056,0.08516067834184991,0.09395572830190824,0.3487504902737662,0.33060118010729245,0.36535353000751986
S,baseline,0.3,149,10,0.09433460359810494,0.09068666148712631,0.09787405349225915,0.38806938529616536,0.3763189038468888,0.3999586627204979
S,baseline,0.4,0,10,0.03369368777295649,0.026368742202398942,0.04287402333028687,0.10358127660627114,0.09602305393512633,0.11366768470979874
S,baseline,0.4,30,10,0.06197884596045442,0.055988352180993795,0.06764346451109512,0.16201011612632082,0.15211441666469736,0.17167213892105737
S,baseline,0.4,60,10,0.07342605766437413,0.06912308316940707,0.07803508877359341,0.19810379778366066,0.18858643829190444,0.20775785587399526
S,baseline,0.4,90,10,0.0796863527481658,0.07372674778556414,0.08542115001972574,0.2571602452769942,0.23709723577900474,0.2771956439322507
S,baseline,0.4,120,10,0.08291298500097523,0.08032715751492961,0.08575051248772922,0.3229224758204001,0.30987499764091364,0.3370455511229359
S,baseline,0.4,149,10,0.08531196502503682,0.0832761217777954,0.08775786299192301,0.35907546565688914,0.35297922783574426,0.36554743204769125
S,baseline,0.5,0,10,0.030036021933252915,0.020062334902039135,0.03997612685427792,0.08742302816291288,0.0722020939141675,0.10417895965033835
S,baseline,0.5,30,10,0.06337217730241367,0.06054994961286528,0.0661026636299955,0.1516831338598502,0.14438545400428499,0.16126404269668865
S,baseline,0.5,60,10,0.06320339235557479,0.056404027553726185,0.06921881605880231,0.17523846280785177,0.16313680567469052,0.18600270431062088
S,baseline,0.5,90,10,0.07160771746302919,0.06608056643947084,0.07690055819432139,0.24893554699388315,0.2259069729555692,0.27267469255085186
S,baseline,0.5,120,10,0.07688357029931484,0.07315263565388935,0.08030699516760374,0.29552651414859665,0.2857754718354845,0.30568203556283613
S,baseline,0.5,149,10,0.07666268877638976,0.07406216832725257,0.07898065188810147,0.31753836465441704,0.308805502301624,0.32692529119280306
SP,AsyCo,0.1,0,10,0.059847184996823254,0.051259772868472976,0.06842370123468514,0.1238050519423427,0.11522757879775263,0.13374824330865434
SP,AsyCo,0.1,30,10,0.14794704442876921,0.12351149815905481,0.17799634113442658,0.3250734259362052,0.2964208907801545,0.3536826199505469
SP,AsyCo,0.1,60,10,0.17014629742311105,0.14866335210447312,0.19120495575509747,0.3261521345719073,0.3019561341316284,0.3501279024719542
SP,AsyCo,0.1,90,10,0.18771509013461798,0.16065587539203297,0.21517398806976515,0.3387723135970145,0.31166555729067213,0.36759832438287154
SP,AsyCo,0.1,120,10,0.18229240966467372,0.15578949388913382,0.20658797551505168,0.3385496105379528,0.3091042081914077,0.3694469118947896
SP,AsyCo,0.1,149,10,0.1787204252813312,0.15442358128679823,0.20409312646091352,0.32318337795276464,0.294466275851829,0.3534302376442125
SP,AsyCo,0.2,0,10,0.05757492734588847,0.04964133954615696,0.06539372333662175,0.1410342653245929,0.1192488555711774,0.1660251009947278
SP,AsyCo,0.2,30,10,0.12330921161247328,0.11483695774669177,0.13196846107315668,0.3372909869259499,0.3106637819945152,0.36365125766440237
SP,AsyCo,0.2,60,10,0.12896106626170328,0.12169681962563599,0.13694159796739266,0.33472370657647865,0.31058071515637575,0.35817707077743777
SP,AsyCo,0.2,90,10,0.13825492944606083,0.12295946149482744,0.15484112240521447,0.33805807482701433,0.31655656859028003,0.3605391757209596
SP,AsyCo,0.2,120,10,0.13648972526877498,0.12649124821857094,0.1480304639592164,0.3648853233743237,0.335823260566323,0.39204788765595855
SP,AsyCo,0.2,149,10,0.14618470562554595,0.1339775878711227,0.16024535185825897,0.34535037120789674,0.31464269416269064,0.3760202460336234
SP,AsyCo,0.3,0,10,0.06419611076717538,0.04855895014136066,0.08030185361221039,0.13427053880750767,0.10973539796204507,0.16099494654559923
SP,AsyCo,0.3,30,10,0.10817855860290256,0.10054619797362628,0.11583864907899026,0.28689955289792896,0.2569978165830435,0.3133126692597601
SP,AsyCo,0.3,60,10,0.10897300607083196,0.10183711460441953,0.11516510025152064,0.2861793249942988,0.26356950739159746,0.3052679321788447
SP,AsyCo,0.3,90,10,0.12376255524917938,0.11038461194182043,0.1388886312673321,0.29425641466622043,0.2698541164986428,0.31701117812497814
SP,AsyCo,0.3,120,10,0.12296747425698518,0.10982394879284026,0.1375008990258382,0.2991010420720568,0.2654932817895082,0.33122586925242004
SP,AsyCo,0.3,149,10,0.11502799721185235,0.10000173154510326,0.1343051535911129,0.26955634410670987,0.24116174501270546,0.29605578558071693
SP,AsyCo,0.4,0,10,0.052658466018936624,0.043462922622599945,0.061628056002192386,0.12702733080804654,0.11251193719135197,0.14318240344603098
SP,AsyCo,0.4,30,10,0.1382420984736077,0.11225429114030436,0.16669858830930032,0.2894628278083054,0.25945802537730134,0.3227972086989862
SP,AsyCo,0.4,60,10,0.1456073040140741,0.12006055182943798,0.17369513530835645,0.28713018070937474,0.26920651313027727,0.3029632770468567
SP,AsyCo,0.4,90,10,0.14749509675182426,0.12039889520229827,0.17950087037737605,0.3025358770076575,0.28795783755774707,0.3151722800357712
SP,AsyCo,0.4,120,10,0.15819111051671267,0.12349978501371775,0.19725596427133243,0.29339125253056686,0.2777232969023897,0.3109926873519462
SP,AsyCo,0.4,149,10,0.15270694609382543,0.1280499924389137,0.17871402522670826,0.3132645620057078,0.2868179212057761,0.33871468844950575
SP,AsyCo,0.5,0,10,0.04556520675481525,0.037221627889715635,0.05441800005392058,0.1148890711088942,0.09973213934061423,0.1336157764986609
SP,AsyCo,0.5,30,10,0.10479274990274198,0.09384986879527607,0.11551132517668926,0.28438157364090505,0.24839368666693154,0.3174302715425701
SP,AsyCo,0.5,60,10,0.11982395266055534,0.10274571980149129,0.1374162989245574,0.3042434485252702,0.2741467767870906,0.3302680929462644
SP,AsyCo,0.5,90,10,0.1212648479255024,0.10187398858207358,0.14285444702565683,0.29419689280081796,0.27550343666776284,0.3112573510836744
SP,AsyCo,0.5,120,10,0.1234933718062409,0.10606692742549323,0.14577183878354566,0.31435059629312156,0.2957310710622813,0.33245376637943536
SP,AsyCo,0.5,149,10,0.1227359989348672,0.10621892669509603,0.1408279206007122,0.31680330346580043,0.2983566896220475,0.33531334983974587
SP,ELR,0.1,0,10,0.05132026042505168,0.03749681798682458,0.06675244377004856,0.14795209904678752,0.09814123726468268,0.22500471153430388
SP,ELR,0.1,30,10,0.0990425700959455,0.09117784353046318,0.10536721049520992,0.3518076860103238,0.31414118768900856,0.39244874809856106
SP,ELR,0.1,60,10,0.11182854685559593,0.10370628947588297,0.11945070832705885,0.4366673521308849,0.4054341416235243,0.4690219854811517
SP,ELR,0.1,90,10,0.11641473063831675,0.11021708159394895,0.1227557213668828,0.5528376884450421,0.5222677714747483,0.5837123135159921
SP,ELR,0.1,120,10,0.11715123889838568,0.11291703522902767,0.12124117134185702,0.6304285053280685,0.5916848022501765,0.6644297633877178
SP,ELR,0.1,149,10,0.11526598373253698,0.11057293995985874,0.11922657807104825,0.6658815560668602,0.6267478542808473,0.6983125161317099
SP,ELR,0.2,0,10,0.070954337094602,0.05659983137286297,0.0845892122298799,0.14708473433561192,0.12000569831657196,0.1788053313415357
SP,ELR,0.2,30,10,0.09865072471009569,0.09193217424416156,0.10629114089283978,0.3228114778262473,0.3016589998966078,0.34359581999524447
SP,ELR,0.2,60,10,0.10729126746201496,0.09923445301178095,0.11539130282248847,0.42221435636116295,0.3935781487761761,0.44984388046331036
SP,ELR,0.2,90,10,0.11463074373029909,0.11022874232160912,0.11898416356834192,0.5343911459598927,0.518203362164793,0.5498500408140568
SP,ELR,0.2,120,10,0.1181434659044502,0.11393138467654007,0.12173151733975843,0.642232017963455,0.6214912503569776,0.6651242427938726
SP,ELR,0.2,149,10,0.11725978088269765,0.11251624087299869,0.12213008099613236,0.6837558422357656,0.662924026603742,0.7050503612329851
SP,ELR,0.3,0,10,0.05957112894050037,0.04915634785174325,0.07082077592926102,0.13213771713632388,0.10683049766395177,0.16311680808920095
SP,ELR,0.3,30,10,0.08949316674982122,0.08004090546978389,0.1008522895820574,0.2971639294131055,0.2722136045170319,0.32344717961996067
SP,ELR,0.3,60,10,0.09351111135504549,0.08501124368720402,0.1015994740811333,0.38017819056359653,0.3472037319494673,0.41407535714884064
SP,ELR,0.3,90,10,0.10294229854155228,0.09949164670173874,0.10693558724555223,0.5067514328929767,0.47842031104833,0.5356176022432431
SP,ELR,0.3,120,10,0.10727346819705268,0.10486118132081877,0.10971672896732236,0.6102583508223947,0.5839831864039221,0.6352688407058327
SP,ELR,0.3,149,10,0.10626245165987502,0.10396708350574464,0.10857268163498596,0.6532924940559091,0.6206651881609616,0.683382784614009
SP,ELR,0.4,0,10,0.05390559980079247,0.03909533188243771,0.06900271452551662,0.12142738740385214,0.0956218234790546,0.15138684958191168
SP,ELR,0.4,30,10,0.07220552402164292,0.06461330137805174,0.08021674412001494,0.23988628837363374,0.2060420991691761,0.2747104798023124
SP,ELR,0.4,60,10,0.08173766345881263,0.07500993604877564,0.08863645834029155,0.32032919784519764,0.29999586387429517,0.34057596595596007
SP,ELR,0.4,90,10,0.08723936609701981,0.0815647843671143,0.09321683683776892,0.42320374677357264,0.388018787637328,0.4614241443004743
SP,ELR,0.4,120,10,0.09945237063723941,0.09602056831835037,0.10285911718022175,0.5379394870132456,0.5078471714506724,0.5675851720614284
SP,ELR,0.4,149,10,0.10072798530565082,0.09630572193062265,0.1053448995388493,0.5734849389619951,0.5416231773502703,0.6027039237671966
SP,ELR,0.5,0,10,0.055568597703074187,0.048243694643970395,0.06340245591178655,0.12145627618411343,0.10749282572155772,0.13888224925595888
SP,ELR,0.5,30,10,0.07092312819300349,0.06582310843351474,0.07594587049355497,0.2470806831067367,0.23277421877710877,0.2631882559658055
SP,ELR,0.5,60,10,0.07574711443944923,0.07115675686046499,0.0804197435241992,0.358338943555033,0.3416481618953638,0.3769302308105594
SP,ELR,0.5,90,10,0.08292550982934077,0.07934112138549657,0.08673498348150692,0.43781748389360614,0.42373962631467427,0.4539208688416204
SP,ELR,0.5,120,10,0.09311910916319818,0.08924735819323151,0.09711598371055659,0.5528404882116021,0.5292638311812761,0.578770446308953
SP,ELR,0.5,149,10,0.09493963318076519,0.09097631961967081,0.0985344668080112,0.5882434185137846,0.5675229139900693,0.6097109547739028
SP,SCE,0.1,0,10,0.20796928439601628,0.12883970453765498,0.2955262037116519,0.25892715901808583,0.20286258469681126,0.31929219704301065
SP,SCE,0.1,30,10,0.4544953439724472,0.41427288406060914,0.4925020840383745,0.33276496356722596,0.3185498289184404,0.3453205458687243
SP,SCE,0.1,60,10,0.4349080317548132,0.4117148003532044,0.4548347525129169,0.42264715253135127,0.4007299282903824,0.44436615373155336
SP,SCE,0.1,90,10,0.4634770190975644,0.45137075839059376,0.47448732845975583,0.47234665289017463,0.45928869742901,0.4845899355273447
SP,SCE,0.1,120,10,0.41251157190711635,0.3958221415764651,0.43010208069112543,0.5517637862622067,0.5297274997353274,0.5722056883286117
SP,SCE,0.1,149,10,0.401223186319828,0.3844100951000727,0.4180540157388853,0.5690694601320456,0.5468609100621135,0.5889674475012951
SP,SCE,0.2,0,10,0.183024437929838,0.13504338057602117,0.2346579407373056,0.2593183598864969,0.19199809882861715,0.33197955820719033
SP,SCE,0.2,30,10,0.4172101221072963,0.36795174002826775,0.45904291045137463,0.3446574336634426,0.33022210580517636,0.3587157948661231
SP,SCE,0.2,60,10,0.40575120577165336,0.3866383951662865,0.42515326615935767,0.40781777091996263,0.39525448105681144,0.41907558856895033
SP,SCE,0.2,90,10,0.3873036024548594,0.36193582493590964,0.4093304830300991,0.5222504302174095,0.49893373069147684,0.5466781052570644
SP,SCE,0.2,120,10,0.3360032395402188,0.3118531181515486,0.35892466442270016,0.610620414777438,0.58927252182639,0.6363073004576613
SP,SCE,0.2,149,10,0.3197708895490695,0.30965086717913964,0.33344600842669336,0.6371143247024332,0.6273177342091963,0.6462915677406758
SP,SCE,0.3,0,10,0.1611529888369238,0.09946031555620449,0.24907268208129277,0.29490006518720824,0.23372238751039295,0.34883029077218985
SP,SCE,0.3,30,10,0.3175302927737853,0.2920635137434561,0.3427042644612691,0.36672662907873965,0.34503909130160415,0.38812827000829503
SP,SCE,0.3,60,10,0.32218837609122203,0.29095705586176157,0.3497496025983919,0.45902222554209515,0.43402696596097873,0.48623608205115454
SP,SCE,0.3,90,10,0.2966723234824139,0.2783272156026461,0.31607493443702417,0.5579785461982725,0.5429599452570251,0.5742814466660828
SP,SCE,0.3,120,10,0.2884172411643203,0.27023608234399854,0.30914205858002375,0.6368378070369017,0.6164312475693109,0.6558753960766832
SP,SCE,0.3,149,10,0.26979344787460696,0.2606392029962158,0.2805334117471124,0.6701167640844659,0.6587405926757969,0.6798860916158789
SP,SCE,0.4,0,10,0.14731148278021083,0.0829966126931629,0.22987054076204455,0.2408178029469059,0.18665676989654534,0.29692692890639394
SP,SCE,0.4,30,10,0.221560417750583,0.18904652824210108,0.2543384995841653,0.42034887890565675,0.3862546924246642,0.45062849808776145
SP,SCE,0.4,60,10,0.226890345739519,0.20423027247257625,0.24529725838497735,0.46878029537071225,0.4407050321877508,0.49335401336579027
SP,SCE,0.4,90,10,0.2520376929889125,0.22839038481812265,0.2841888556082076,0.57705735102178,0.5492845276691135,0.5960880427148618
SP,SCE,0.4,120,10,0.22615173050821974,0.21043616231738624,0.24292951439481728,0.6728936568974621,0.6558222254581912,0.6895769117475534
SP,SCE,0.4,149,10,0.2195335429494835,0.20807882936886818,0.23032948000010348,0.6947019820244724,0.6834236044315581,0.7059483857199418
SP,SCE,0.5,0,10,0.13683364431966488,0.09041781464187251,0.20781972865903678,0.24706072378977245,0.1918994397251507,0.29884577717510513
SP,SCE,0.5,30,10,0.22107395899992496,0.17516251067653377,0.281164375586299,0.40337973721318693,0.3553914508759031,0.449519935915039
SP,SCE,0.5,60,10,0.17612196766394012,0.153815388825065,0.19862338892127432,0.508121924508633,0.4808594590092083,0.5339298348278048
SP,SCE,0.5,90,10,0.1994478649690417,0.17910304147038314,0.22420690752297137,0.5826683097282658,0.5618141733299059,0.6023128675734659
SP,SCE,0.5,120,10,0.19539059032988176,0.18520506983822546,0.20537908164947322,0.676924989086079,0.6625591709108765,0.6904890182543316
SP,SCE,0.5,149,10,0.19519701328374933,0.18427396416932204,0.20523518188491888,0.6958545038527929,0.6829209537053281,0.7086655954167688
SP,baseline,0.1,0,10,0.0628487335168866,0.05167080349481249,0.07471082764983267,0.1371485938194835,0.11743747987761788,0.16148293096766672
SP,baseline,0.1,30,10,0.10495153689807077,0.09544874574329415,0.11524515167112961,0.38637402822260825,0.3371998779776073,0.43420149773476313
SP,baseline,0.1,60,10,0.12009156322931328,0.10987169110039542,0.13501482394837105,0.4950842422977841,0.44866472964710963,0.5492591162076564
SP,baseline,0.1,90,10,0.12148942509549254,0.11645692039467269,0.12662548100490276,0.6593093887849671,0.6257751927890903,0.688595560318315
SP,baseline,0.1,120,10,0.11797776716379844,0.11078851207112009,0.12575952642571042,0.7400423540368372,0.7215915013722574,0.7602377292878824
SP,baseline,0.1,149,10,0.116467100578356,0.10930941774991704,0.12225359356484776,0.759431361042846,0.7415945543197006,0.7788763861283509
SP,baseline,0.2,0,10,0.059148100969380425,0.05236115620972458,0.06637500144220439,0.13377791292670294,0.11355177610036632,0.15995967451808288
SP,baseline,0.2,30,10,0.11062351960979615,0.10093781697513883,0.12027480273262169,0.4112461699081361,0.36321267249327027,0.4601854034879633
SP,baseline,0.2,60,10,0.11123676312547304,0.10566715627955008,0.11567952966906378,0.5266756225399954,0.49927523459529183,0.5547324638250034
SP,baseline,0.2,90,10,0.11327862648244913,0.10901502188221115,0.11755544677101028,0.6303326262893983,0.6101257790603191,0.6486209264292248
SP,baseline,0.2,120,10,0.11522670743323078,0.10864953927342326,0.12127172018865451,0.7182512147894309,0.7029684370412319,0.7339595855960388
SP,baseline,0.2,149,10,0.1107922599512547,0.10542371480469401,0.11573303246480114,0.7441306773350315,0.7320766934491819,0.7582867575686807
SP,baseline,0.3,0,10,0.046912730936321624,0.0387810830258245,0.05508681793698672,0.11020297051229677,0.09993885134837194,0.12132515543839122
SP,baseline,0.3,30,10,0.09290106559037266,0.08569478630008552,0.10046542368703447,0.3303613531035862,0.2956278431790493,0.36711422763928486
SP,baseline,0.3,60,10,0.10447035808171493,0.09720338906000964,0.1109116685707224,0.45066313095347715,0.41793267555880476,0.48985713084594007
SP,baseline,0.3,90,10,0.1068295882421741,0.10479175459057709,0.10875490982828848,0.583746059833057,0.5594775559748699,0.6043589427299779
SP,baseline,0.3,120,10,0.1073840340040686,0.10404316957077783,0.11084392251166103,0.6709847116758587,0.649254391836965,0.6903825328823017
SP,baseline,0.3,149,10,0.10987458422329274,0.10687438771360885,0.11316486145995783,0.6965155470463081,0.6795641561280555,0.7124463251843223
SP,baseline,0.4,0,10,0.057118725549124026,0.041746214525987715,0.07245881828222557,0.11123209052064338,0.09012073836724849,0.13600134300408556
SP,baseline,0.4,30,10,0.08621252215459171,0.07780172225224247,0.09458913003229247,0.3065104913046444,0.26599873129947615,0.35343819611479943
SP,baseline,0.4,60,10,0.09734052167569454,0.09220228807090385,0.10332715369025561,0.4359066262515109,0.41396971812232464,0.45702363131019086
SP,baseline,0.4,90,10,0.10579085726046651,0.10154014796734841,0.10978466097150323,0.5520396245525931,0.5308354936592197,0.5731371027398372
SP,baseline,0.4,120,10,0.110824770224458,0.10596125808519635,0.11526043629071635,0.6338811381716105,0.6147856036287381,0.6545907207515244
SP,baseline,0.4,149,10,0.11097463778245956,0.10573814157139581,0.11592429631717122,0.6526401184783144,0.6379467829992558,0.6689366248857116
SP,baseline,0.5,0,10,0.056890919712069735,0.0501850604912548,0.06393917726259324,0.1138810816521765,0.10520564456867568,0.12250688240497538
SP,baseline,0.5,30,10,0.08412013108901814,0.07842307803518007,0.09013134204278556,0.2971998155870931,0.26570427134049923,0.3246341892981031
SP,baseline,0.5,60,10,0.09505409487293814,0.08920300009781218,0.10103423215261238,0.4167181665850065,0.37563445404711265,0.4584922022139088
SP,baseline,0.5,90,10,0.11013223866877028,0.10120413446425917,0.11929490356178593,0.5156601701123702,0.4898758640747637,0.5412586979162765
SP,baseline,0.5,120,10,0.11672547673668543,0.11116194478498029,0.12186035009278443,0.6100792913772619,0.5834222412159551,0.6343520917854781
SP,baseline,0.5,149,10,0.12024769790808428,0.11488112896962938,0.12487286120028586,0.6354831175454496,0.6123243249646927,0.65748751467551
