method,dataset,init,optim,tau,fold,balanced_accuracy,macro_f1,weighted_f1,macro_auc,n_samples,nta,lnmr,n_flipped,n_train,empirical_flip_rate,per_class_f1_akiec,per_class_f1_bcc,per_class_f1_bkl,per_class_f1_df,per_class_f1_mel,per_class_f1_nv,per_class_f1_vasc
asyco_divmix,imbalanced,scratch,sgd,0.0,0,0.5219621417339464,0.22430582039033548,0.2813737026422519,0.8657815477209313,747,,,0,6723,0.0,0.2807017543859649,0.37037037037037035,0.16842105263157894,0.08433734939759036,0.2857142857142857,0.296875,0.08372093023255814
asyco_divmix,imbalanced,scratch,sgd,0.0,1,0.4657938638491573,0.22343062751378198,0.21679376805567258,0.8369770328346607,747,,,0,6723,0.0,0.36363636363636365,0.39215686274509803,0.22807017543859648,0.05223880597014925,0.25274725274725274,0.19933554817275748,0.07582938388625593
asyco_divmix,imbalanced,scratch,sgd,0.0,2,0.4946807852970276,0.1934437627605583,0.21850000698148048,0.8744626935897422,747,,,0,6723,0.0,0.30985915492957744,0.2,0.07894736842105263,0.046822742474916385,0.35036496350364965,0.22295081967213115,0.14516129032258066
asyco_divmix,imbalanced,scratch,sgd,0.0,3,0.5120986256552192,0.2566826850934608,0.16639994767452887,0.8385536741069612,747,,,0,6723,0.0,0.375,0.5161290322580645,0.34782608695652173,0.05025125628140704,0.34594594594594597,0.09473684210526316,0.06688963210702341
asyco_divmix,imbalanced,scratch,sgd,0.0,4,0.5177593751868474,0.27839645728917317,0.4412762686277916,0.857499449808989,747,,,0,6723,0.0,0.38095238095238093,0.2608695652173913,0.25862068965517243,0.06382978723404255,0.3619047619047619,0.4993103448275862,0.1232876712328767
asyco_divmix,imbalanced,scratch,sgd,0.0,5,0.5187247030778435,0.2450516102587157,0.3344941937874585,0.878653504752457,747,,,0,6723,0.0,0.35294117647058826,0.20833333333333334,0.29473684210526313,0.061224489795918366,0.2937062937062937,0.35843373493975905,0.145985401459854
asyco_divmix,imbalanced,scratch,sgd,0.0,6,0.5112431768007673,0.2641690901221326,0.41241397348688713,0.8635771530319442,747,,,0,6723,0.0,0.32653061224489793,0.41379310344827586,0.16091954022988506,0.05333333333333334,0.308411214953271,0.47191011235955055,0.11428571428571428
asyco_divmix,imbalanced,scratch,sgd,0.0,7,0.46356565861261556,0.22231640747065481,0.2525947557902544,0.8560140076231703,747,,,0,6723,0.0,0.32941176470588235,0.34782608695652173,0.24489795918367346,0.0425531914893617,0.25157232704402516,0.2504012841091493,0.08955223880597014
asyco_divmix,imbalanced,scratch,sgd,0.0,8,0.5689184657291161,0.326228396063411,0.4538612878399562,0.8985715801571821,747,,,0,6723,0.0,0.4166666666666667,0.46875,0.36942675159235666,0.06060606060606061,0.2972972972972973,0.49386084583901774,0.17699115044247787
asyco_divmix,imbalanced,scratch,sgd,0.0,9,0.5815772085035479,0.28408335471996565,0.2906364469616991,0.8635048868272419,747,,,0,6723,0.0,0.379746835443038,0.49056603773584906,0.39669421487603307,0.0975609756097561,0.2397003745318352,0.27258320126782887,0.11173184357541899
asyco_divmix,imbalanced,scratch,sgd,0.1,0,0.505783326654645,0.19862369796808202,0.07698525613611808,0.82625109243562,747,0.10864485981308411,0.24766355140186916,856,6723,0.12732411125985424,0.25925925925925924,0.4722222222222222,0.23157894736842105,0.06542056074766354,0.3015075376884422,0.0,0.06037735849056604
asyco_divmix,imbalanced,scratch,sgd,0.1,1,0.4602124101159865,0.20010152238661916,0.07536963483915825,0.7918299732813876,747,0.11150234741784038,0.2711267605633803,852,6723,0.12672913877733155,0.4375,0.32727272727272727,0.32592592592592595,0.0547945205479452,0.18045112781954886,0.0,0.07476635514018691
asyco_divmix,imbalanced,scratch,sgd,0.1,2,0.44195958930981977,0.17300021837584525,0.06525186649298237,0.8284106676820827,747,0.08189158016147635,0.17185697808535177,867,6723,0.12896028558679162,0.2786885245901639,0.38461538461538464,0.15555555555555556,0.05714285714285714,0.2878787878787879,0.0,0.04712041884816754
asyco_divmix,imbalanced,scratch,sgd,0.1,3,0.4004276428586762,0.1665880857550188,0.06649753799307995,0.8347831429020032,747,0.1180637544273908,0.2361275088547816,847,6723,0.12598542317417818,0.3300970873786408,0.27450980392156865,0.1348314606741573,0.0449438202247191,0.33497536945812806,0.0036968576709796672,0.0430622009569378
asyco_divmix,imbalanced,scratch,sgd,0.1,4,0.4029458698957802,0.15915144151294117,0.05575777768201081,0.782291317617527,747,0.08658536585365853,0.2573170731707317,820,6723,0.12196935891715008,0.4050632911392405,0.25806451612903225,0.12048192771084337,0.05063291139240506,0.23275862068965517,0.0,0.047058823529411764
asyco_divmix,imbalanced,scratch,sgd,0.1,5,0.45477370557119995,0.17390530498361848,0.07033069855470082,0.843532521066093,747,0.10332541567695962,0.22446555819477435,842,6723,0.12524170757102485,0.27184466019417475,0.3018867924528302,0.27722772277227725,0.04926108374384237,0.24644549763033174,0.0,0.0706713780918728
asyco_divmix,imbalanced,scratch,sgd,0.1,6,0.4645787962471669,0.17204507255224127,0.061225896430758805,0.8356209601117423,747,0.10206422018348624,0.2580275229357798,872,6723,0.12970400118994496,0.3076923076923077,0.3925233644859813,0.12048192771084337,0.05925925925925926,0.25984251968503935,0.0,0.06451612903225806
asyco_divmix,imbalanced,scratch,sgd,0.1,7,0.42186814561206587,0.17211626157687415,0.061015970524831036,0.8261258740833556,747,0.08181818181818182,0.20681818181818182,880,6723,0.13089394615499034,0.3037974683544304,0.43137254901960786,0.06976744186046512,0.04032258064516129,0.3016759776536313,0.0,0.05787781350482315
asyco_divmix,imbalanced,scratch,sgd,0.1,8,0.5095382974448383,0.20553830538539675,0.18788810451777846,0.8544082142750644,747,0.14752252252252251,0.21058558558558557,888,6723,0.13208389112003568,0.19801980198019803,0.42857142857142855,0.20618556701030927,0.06511627906976744,0.3013698630136986,0.1610738255033557,0.0784313725490196
asyco_divmix,imbalanced,scratch,sgd,0.1,9,0.5131562677405002,0.2201837070878607,0.08243177254942251,0.8495339355857597,747,0.10035005834305717,0.30688448074679114,857,6723,0.1274728543804849,0.34951456310679613,0.47368421052631576,0.3157894736842105,0.03636363636363636,0.2230769230769231,0.0,0.14285714285714285
asyco_divmix,imbalanced,scratch,sgd,0.2,0,0.45485554553752305,0.13357222087755696,0.04318229032037335,0.8471880884833679,747,0.07035175879396985,0.19454414931801867,1393,6723,0.20719916703852448,0.2413793103448276,0.34615384615384615,0.0273972602739726,0.05687203791469194,0.20437956204379562,0.0,0.058823529411764705
asyco_divmix,imbalanced,scratch,sgd,0.2,1,0.4464522251163205,0.1757945119921124,0.06223890519290412,0.8067643878245774,747,0.1158273381294964,0.26402877697841726,1390,6723,0.20675293767663244,0.23121387283236994,0.5384615384615384,0.16666666666666666,0.05714285714285714,0.17647058823529413,0.0,0.06060606060606061
asyco_divmix,imbalanced,scratch,sgd,0.2,2,0.4442839107336497,0.18890274604208826,0.09005342053000608,0.827859510415267,747,0.11743515850144093,0.21613832853025935,1388,6723,0.2064554514353711,0.2446043165467626,0.4383561643835616,0.24242424242424243,0.037209302325581395,0.27932960893854747,0.02181818181818182,0.058577405857740586
asyco_divmix,imbalanced,scratch,sgd,0.2,3,0.36828316350442475,0.16053669284279162,0.06447989963207211,0.7723226415094308,747,0.1099630996309963,0.25830258302583026,1355,6723,0.201546928454559,0.35051546391752575,0.22535211267605634,0.24113475177304963,0.023255813953488372,0.23880597014925373,0.0,0.0446927374301676
asyco_divmix,imbalanced,scratch,sgd,0.2,4,0.3807015717137025,0.15725659567814199,0.06438115080637562,0.7542245210925239,747,0.0955223880597015,0.22014925373134328,1340,6723,0.19931578164509892,0.2677165354330709,0.26666666666666666,0.21978021978021978,0.01932367149758454,0.2682926829268293,0.0,0.05901639344262295
asyco_divmix,imbalanced,scratch,sgd,0.2,5,0.42516243872716514,0.1592525795569219,0.0615676093963585,0.8035398345155312,747,0.11298606016140866,0.2553191489361702,1363,6723,0.20273687341960434,0.24836601307189543,0.3595505617977528,0.21311475409836064,0.014705882352941176,0.19534883720930232,0.0,0.08368200836820083
asyco_divmix,imbalanced,scratch,sgd,0.2,6,0.44817836256478355,0.15777742179144855,0.054733162938191866,0.8161222559412996,747,0.11365260900643316,0.23373838456040028,1399,6723,0.2080916257623085,0.2809917355371901,0.3917525773195876,0.07407407407407407,0.058394160583941604,0.24875621890547264,0.0,0.050473186119873815
asyco_divmix,imbalanced,scratch,sgd,0.2,7,0.42782357058572545,0.17528109006548426,0.06603679978878552,0.8232308478539475,747,0.10747330960854093,0.27686832740213524,1405,6723,0.20898408448609251,0.2595419847328244,0.4482758620689655,0.17307692307692307,0.03,0.24630541871921183,0.0,0.06976744186046512
asyco_divmix,imbalanced,scratch,sgd,0.2,8,0.5058939829929587,0.16564128051374447,0.05714680917277978,0.8628943627559869,747,0.09123563218390805,0.23275862068965517,1392,6723,0.2070504239178938,0.2542372881355932,0.43478260869565216,0.07317073170731707,0.0660377358490566,0.26229508196721313,0.0,0.06896551724137931
asyco_divmix,imbalanced,scratch,sgd,0.2,9,0.5349132726695728,0.1993140091904138,0.07442953718052803,0.8714115446410758,747,0.09632352941176471,0.24632352941176472,1360,6723,0.20229064405771233,0.3119266055045872,0.4827586206896552,0.1978021978021978,0.07048458149779736,0.2488479262672811,0.0036968576709796672,0.0796812749003984
asyco_divmix,imbalanced,scratch,sgd,0.3,0,0.4186908405760889,0.09865201406624183,0.034644733963624406,0.8075258188228966,747,0.08680725846002943,0.262873957822462,2039,6723,0.30328722296593785,0.24598930481283424,0.07407407407407407,0.02564102564102564,0.08130081300813008,0.2079207920792079,0.0036900369003690036,0.05194805194805195
asyco_divmix,imbalanced,scratch,sgd,0.3,1,0.4181568489948574,0.13459626830918794,0.04549833211211278,0.813019884860107,747,0.09801067442988841,0.21300339640950994,2061,6723,0.30655957161981257,0.24,0.273972602739726,0.0759493670886076,0.0963855421686747,0.21052631578947367,0.0,0.04534005037783375
asyco_divmix,imbalanced,scratch,sgd,0.3,2,0.45671158320097394,0.16243382849851606,0.0647318192699216,0.8200534110773333,747,0.09839357429718876,0.22339357429718876,1992,6723,0.2962962962962963,0.25,0.3925233644859813,0.15555555555555556,0.04938271604938271,0.2222222222222222,0.007352941176470588,0.06
asyco_divmix,imbalanced,scratch,sgd,0.3,3,0.3778620659688774,0.1303143332238508,0.04910024344811463,0.7613490191196028,747,0.08472906403940887,0.2354679802955665,2030,6723,0.3019485348802618,0.2777777777777778,0.18461538461538463,0.05128205128205128,0.009523809523809525,0.3225806451612903,0.0,0.06642066420664207
asyco_divmix,imbalanced,scratch,sgd,0.3,4,0.3614596431191566,0.13650731458515003,0.054705755521069516,0.7912016971943411,747,0.09569620253164557,0.22177215189873417,1975,6723,0.2937676632455749,0.19858156028368795,0.2702702702702703,0.12121212121212122,0.017094017094017096,0.2926829268292683,0.0,0.055710306406685235
asyco_divmix,imbalanced,scratch,sgd,0.3,5,0.374292014524993,0.13835367125851508,0.05477579333716964,0.7926465497664996,747,0.09499747347145023,0.20111167256189996,1979,6723,0.29436263572809757,0.22058823529411764,0.29850746268656714,0.14814814814814814,0.016736401673640166,0.2011173184357542,0.0036968576709796672,0.0796812749003984
asyco_divmix,imbalanced,scratch,sgd,0.3,6,0.4379112436518079,0.15804747692973606,0.05780221619889141,0.8029662817159468,747,0.09554140127388536,0.20578147966683,2041,6723,0.30358470920719915,0.24285714285714285,0.4,0.13333333333333333,0.041884816753926704,0.2251655629139073,0.0,0.06309148264984227
asyco_divmix,imbalanced,scratch,sgd,0.3,7,0.3846178457038886,0.14442708580867322,0.051624085679811145,0.7863740502706443,747,0.08440913604766634,0.2477656405163853,2014,6723,0.29956864495017105,0.23204419889502761,0.3829787234042553,0.045454545454545456,0.02197802197802198,0.2711864406779661,0.0,0.05734767025089606
asyco_divmix,imbalanced,scratch,sgd,0.3,8,0.477769472598836,0.17045088600082506,0.0664902024756469,0.8506254867444433,747,0.09495252373813093,0.223888055972014,2001,6723,0.29763498438197233,0.2550335570469799,0.3582089552238806,0.24299065420560748,0.05102040816326531,0.21621621621621623,0.0,0.06968641114982578
asyco_divmix,imbalanced,scratch,sgd,0.3,9,0.4801990736930787,0.17915448199229947,0.06394869519256599,0.8527384118684044,747,0.09542743538767395,0.24204771371769385,2012,6723,0.2992711587089097,0.288135593220339,0.46153846153846156,0.16822429906542055,0.04784688995215311,0.2122905027932961,0.0,0.07604562737642585
asyco_divmix,imbalanced,scratch,sgd,0.4,0,0.44759108061176783,0.14566476438169448,0.046538086332936116,0.812343754396604,747,0.07805987116331944,0.19856006062902615,2639,6723,0.39253309534434033,0.22702702702702704,0.410958904109589,0.04878048780487805,0.10204081632653061,0.18840579710144928,0.0,0.042440318302387266
asyco_divmix,imbalanced,scratch,sgd,0.4,1,0.37371922237805827,0.14556305966845562,0.04950210623568509,0.7820224650733708,747,0.0988329686360321,0.23924142961342085,2742,6723,0.4078536367692994,0.24817518248175183,0.410958904109589,0.06382978723404255,0.05194805194805195,0.20588235294117646,0.0,0.03814713896457766
asyco_divmix,imbalanced,scratch,sgd,0.4,2,0.46589289544667445,0.2079631830198885,0.1402396925927981,0.7767724355145275,747,0.11908396946564885,0.24083969465648855,2620,6723,0.3897069760523576,0.3368421052631579,0.4948453608247423,0.1956521739130435,0.03296703296703297,0.2358490566037736,0.09507042253521127,0.06451612903225806
asyco_divmix,imbalanced,scratch,sgd,0.4,3,0.38763341113571526,0.12633274494479926,0.04464048526790723,0.7679436360296259,747,0.10569105691056911,0.3063562453806356,2706,6723,0.40249888442659526,0.18518518518518517,0.3333333333333333,0.0,0.021052631578947368,0.28225806451612906,0.0,0.0625
asyco_divmix,imbalanced,scratch,sgd,0.4,4,0.4208674481344312,0.17440570539838812,0.08975390131258341,0.7683347238772992,747,0.10698027314112292,0.2075113808801214,2636,6723,0.3920868659824483,0.24113475177304963,0.5316455696202531,0.06976744186046512,0.03468208092485549,0.25,0.042328042328042326,0.05128205128205128
asyco_divmix,imbalanced,scratch,sgd,0.4,5,0.36725962862700884,0.11500137793315086,0.05689073091652664,0.7656758621666039,747,0.08972932888394512,0.19614386355209493,2697,6723,0.4011601963409192,0.17560975609756097,0.24242424242424243,0.07142857142857142,0.01282051282051282,0.20588235294117646,0.021937842778793418,0.0749063670411985
asyco_divmix,imbalanced,scratch,sgd,0.4,6,0.43381787691186197,0.15410328057265393,0.05168599667229002,0.7648520057343406,747,0.09268833087149188,0.23375184638109306,2708,6723,0.4027963706678566,0.28125,0.375,0.05333333333333334,0.08602150537634409,0.24390243902439024,0.0,0.0392156862745098
asyco_divmix,imbalanced,scratch,sgd,0.4,7,0.35507265893703677,0.12688655571440507,0.06423940449227948,0.7616607015348693,747,0.08027262400605831,0.1972737599394169,2641,6723,0.3928305815856017,0.16296296296296298,0.4897959183673469,0.06060606060606061,0.025974025974025976,0.05309734513274336,0.03636363636363636,0.0594059405940594
asyco_divmix,imbalanced,scratch,sgd,0.4,8,0.39645000487073595,0.1087192102096212,0.035599696893414946,0.7868316069066866,747,0.07333333333333333,0.23222222222222222,2700,6723,0.40160642570281124,0.1518987341772152,0.2807017543859649,0.0,0.05063291139240506,0.20987654320987653,0.0,0.06792452830188679
asyco_divmix,imbalanced,scratch,sgd,0.4,9,0.48675648141561456,0.22647834602116787,0.24475887497562088,0.8619272447201684,747,0.1773711725168036,0.18147871545929797,2678,6723,0.3983340770489365,0.31932773109243695,0.4482758620689655,0.13592233009708737,0.12345679012345678,0.2550335570469799,0.24838709677419354,0.054945054945054944
asyco_divmix,imbalanced,scratch,sgd,0.5,0,0.3665326754825352,0.08022042514528659,0.02300272243604282,0.7712360405465633,747,0.05834586466165414,0.22736842105263158,3325,6723,0.4945708760969805,0.16058394160583941,0.12658227848101267,0.0,0.0970873786407767,0.13333333333333333,0.0,0.04395604395604396
asyco_divmix,imbalanced,scratch,sgd,0.5,1,0.38726165431109333,0.1340064359757232,0.04595658973015383,0.7471903105434963,747,0.08197199533255542,0.1826137689614936,3428,6723,0.5098914175219396,0.19895287958115182,0.41975308641975306,0.0898876404494382,0.03508771929824561,0.14754098360655737,0.0,0.046822742474916385
asyco_divmix,imbalanced,scratch,sgd,0.5,2,0.3919637094669251,0.1285028223885649,0.050890426907939934,0.7645972485127913,747,0.07953181272509004,0.23589435774309725,3332,6723,0.4956120779413952,0.16071428571428573,0.3780487804878049,0.12345679012345678,0.047244094488188976,0.1340782122905028,0.007366482504604052,0.04861111111111111
asyco_divmix,imbalanced,scratch,sgd,0.5,3,0.2999517936769373,0.0914925170703291,0.037361990438394665,0.7418949667884311,747,0.07491082045184304,0.21938168846611178,3364,6723,0.5003718578015767,0.16101694915254236,0.13636363636363635,0.08080808080808081,0.0,0.21818181818181817,0.0,0.0440771349862259
asyco_divmix,imbalanced,scratch,sgd,0.5,4,0.37661928424844904,0.14223193443968962,0.08991908442989482,0.7431849064208012,747,0.12188531972380666,0.21435004503152205,3331,6723,0.49546333482076454,0.21875,0.3181818181818182,0.046511627906976744,0.023529411764705882,0.2716049382716049,0.057245080500894455,0.059800664451827246
asyco_divmix,imbalanced,scratch,sgd,0.5,5,0.37237482563335883,0.13790280272226244,0.05107248000484734,0.7620116228871757,747,0.08783382789317508,0.18931750741839762,3370,6723,0.5012643165253607,0.1951219512195122,0.37254901960784315,0.08247422680412371,0.022988505747126436,0.24050632911392406,0.0,0.05167958656330749
asyco_divmix,imbalanced,scratch,sgd,0.5,6,0.4317704564420785,0.14500498308585844,0.06487117448026902,0.7622119611563922,747,0.09461856889414548,0.21584861028976937,3382,6723,0.5030492339729288,0.2446043165467626,0.3559322033898305,0.0,0.11428571428571428,0.23157894736842105,0.029197080291970802,0.03943661971830986
asyco_divmix,imbalanced,scratch,sgd,0.5,7,0.3438462779683647,0.13537168301806907,0.05123435734169669,0.7718031461548843,747,0.09603150560436231,0.1932747652226598,3301,6723,0.4910010412018444,0.26666666666666666,0.3333333333333333,0.0196078431372549,0.0,0.28368794326241137,0.0036968576709796672,0.04060913705583756
asyco_divmix,imbalanced,scratch,sgd,0.5,8,0.47409584772002183,0.13898759484738446,0.05586942390106269,0.8159809457626469,747,0.08870967741935484,0.22849462365591397,3348,6723,0.4979919678714859,0.24285714285714285,0.3181818181818182,0.02702702702702703,0.061855670103092786,0.23958333333333334,0.014705882352941176,0.06870229007633588
asyco_divmix,imbalanced,scratch,sgd,0.5,9,0.3818836866619749,0.11053827558046947,0.042038138221203135,0.810220670500563,747,0.06978137166816412,0.18808026355196167,3339,6723,0.4966532797858099,0.17813765182186234,0.29850746268656714,0.10204081632653061,0.03571428571428571,0.08849557522123894,0.007380073800738007,0.06349206349206349
baseline,imbalanced,scratch,sgd,0.0,0,0.6969054438675588,0.45451871168466107,0.6420324732611522,0.9097453801326484,747,,,0,6723,0.0,0.34146341463414637,0.5360824742268041,0.38666666666666666,0.3157894736842105,0.3829787234042553,0.7321637426900585,0.4864864864864865
baseline,imbalanced,scratch,sgd,0.0,1,0.6311403476555603,0.40237231681025815,0.6162669401521591,0.8829702007468269,747,,,0,6723,0.0,0.32558139534883723,0.5,0.40559440559440557,0.1111111111111111,0.37168141592920356,0.7026378896882494,0.4
baseline,imbalanced,scratch,sgd,0.0,2,0.655297983356409,0.4198574816354661,0.6138229931683465,0.909620280586041,747,,,0,6723,0.0,0.32075471698113206,0.4864864864864865,0.4246575342465753,0.16216216216216217,0.34782608695652173,0.6971153846153846,0.5
baseline,imbalanced,scratch,sgd,0.0,3,0.6384117507436742,0.44010261037796344,0.6242354770152384,0.8830062915994757,747,,,0,6723,0.0,0.3404255319148936,0.6233766233766234,0.4276729559748428,0.09523809523809523,0.36363636363636365,0.7009569377990431,0.5294117647058824
baseline,imbalanced,scratch,sgd,0.0,4,0.6127780996521869,0.4480827057427771,0.6349870442576939,0.8654426045916553,747,,,0,6723,0.0,0.32608695652173914,0.5633802816901409,0.379746835443038,0.11320754716981132,0.36363636363636365,0.7238542890716804,0.6666666666666666
baseline,imbalanced,scratch,sgd,0.0,5,0.6569612081145934,0.4223796060892206,0.6011996372108964,0.9070840816355369,747,,,0,6723,0.0,0.38461538461538464,0.48936170212765956,0.3741935483870968,0.2222222222222222,0.2971887550200803,0.6890756302521008,0.5
baseline,imbalanced,scratch,sgd,0.0,6,0.6206297918318429,0.3966278421419685,0.6005138465958325,0.8888185981496363,747,,,0,6723,0.0,0.30357142857142855,0.5679012345679012,0.32051282051282054,0.22857142857142856,0.29955947136563876,0.6962785114045619,0.36
baseline,imbalanced,scratch,sgd,0.0,7,0.7383237547358882,0.4785844654881822,0.6544451451091611,0.9110296170877568,747,,,0,6723,0.0,0.43373493975903615,0.5842696629213483,0.5061728395061729,0.2857142857142857,0.38392857142857145,0.7276995305164319,0.42857142857142855
baseline,imbalanced,scratch,sgd,0.0,8,0.6762488575280008,0.4199588357543295,0.602921795087285,0.9063968094826915,747,,,0,6723,0.0,0.297029702970297,0.5217391304347826,0.40963855421686746,0.18518518518518517,0.3686635944700461,0.681265206812652,0.47619047619047616
baseline,imbalanced,scratch,sgd,0.0,9,0.6604088950070287,0.44917053732575213,0.600639380177612,0.9025756018589772,747,,,0,6723,0.0,0.33707865168539325,0.5897435897435898,0.4523809523809524,0.2222222222222222,0.3203125,0.6707317073170732,0.5517241379310345
baseline,imbalanced,scratch,sgd,0.1,0,0.5766977782230237,0.18947502059471008,0.06944260776305235,0.8595006552456163,747,0.11098130841121495,0.4158878504672897,856,6723,0.12732411125985424,0.24358974358974358,0.4369747899159664,0.21311475409836064,0.08695652173913043,0.24786324786324787,0.0,0.09782608695652174
baseline,imbalanced,scratch,sgd,0.1,1,0.562125715176206,0.19641615002854468,0.07698928096102273,0.8279060697784779,747,0.11854460093896714,0.45422535211267606,852,6723,0.12672913877733155,0.21897810218978103,0.36363636363636365,0.366412213740458,0.13592233009708737,0.20300751879699247,0.0,0.08695652173913043
baseline,imbalanced,scratch,sgd,0.1,2,0.6011693631509301,0.23162559623358098,0.08977789043979738,0.8655024962376032,747,0.10841983852364476,0.5098039215686274,867,6723,0.12896028558679162,0.24285714285714285,0.46808510638297873,0.4342857142857143,0.17142857142857143,0.20689655172413793,0.0,0.09782608695652174
baseline,imbalanced,scratch,sgd,0.1,3,0.5292573848725607,0.21247147999999852,0.08851053869242256,0.8272048421295602,747,0.1204250295159386,0.4899645808736718,847,6723,0.12598542317417818,0.2903225806451613,0.375,0.4148148148148148,0.05555555555555555,0.2532467532467532,0.0,0.09836065573770492
baseline,imbalanced,scratch,sgd,0.1,4,0.5594136049337581,0.21732907799192813,0.08853038222682762,0.8461523762148337,747,0.10609756097560975,0.47804878048780486,820,6723,0.12196935891715008,0.25,0.4444444444444444,0.37349397590361444,0.09523809523809523,0.27848101265822783,0.0,0.07964601769911504
baseline,imbalanced,scratch,sgd,0.1,5,0.5615255743540396,0.20066178149869743,0.07960070541888205,0.8490543990179704,747,0.10570071258907364,0.48812351543942994,842,6723,0.12524170757102485,0.2857142857142857,0.3389830508474576,0.3586206896551724,0.0625,0.18705035971223022,0.0036968576709796672,0.16806722689075632
baseline,imbalanced,scratch,sgd,0.1,6,0.5223890476040258,0.18826090579749893,0.0728772724882353,0.8321723110535653,747,0.11123853211009174,0.4644495412844037,872,6723,0.12970400118994496,0.2585034013605442,0.4,0.2558139534883721,0.09195402298850575,0.21374045801526717,0.0036968576709796672,0.09411764705882353
baseline,imbalanced,scratch,sgd,0.1,7,0.5762315113785893,0.2159240981954682,0.08772708725771987,0.8387173812588954,747,0.1125,0.46136363636363636,880,6723,0.13089394615499034,0.27586206896551724,0.40625,0.4489795918367347,0.09259259259259259,0.18587360594795538,0.0,0.10191082802547771
baseline,imbalanced,scratch,sgd,0.1,8,0.5178510815337408,0.1946265133346095,0.08099347680329123,0.8374873023280252,747,0.11373873873873874,0.4403153153153153,888,6723,0.13208389112003568,0.21428571428571427,0.3838383838383838,0.35802469135802467,0.0736196319018405,0.2535211267605634,0.0,0.07909604519774012
baseline,imbalanced,scratch,sgd,0.1,9,0.5452682468236223,0.20312848695505625,0.0820090687704218,0.8293512259005226,747,0.09218203033838973,0.4574095682613769,857,6723,0.1274728543804849,0.1978021978021978,0.42857142857142855,0.3597122302158273,0.08053691275167785,0.2459016393442623,0.0,0.109375
baseline,imbalanced,scratch,sgd,0.2,0,0.5376441483559296,0.17568410964661482,0.06728362893315443,0.8482314075138311,747,0.10696338837042355,0.41995692749461594,1393,6723,0.20719916703852448,0.2112676056338028,0.3384615384615385,0.256,0.096,0.23430962343096234,0.0,0.09375
baseline,imbalanced,scratch,sgd,0.2,1,0.480283259867762,0.1599304455044848,0.061230422097148914,0.8054981079690944,747,0.10503597122302158,0.42949640287769786,1390,6723,0.20675293767663244,0.1927710843373494,0.33962264150943394,0.25396825396825395,0.064,0.17391304347826086,0.0,0.09523809523809523
baseline,imbalanced,scratch,sgd,0.2,2,0.5287900399651553,0.19274960573544808,0.0789997456810105,0.8412177175829101,747,0.10230547550432277,0.4265129682997118,1388,6723,0.2064554514353711,0.20512820512820512,0.3963963963963964,0.36496350364963503,0.08053691275167785,0.2222222222222222,0.0,0.08
baseline,imbalanced,scratch,sgd,0.2,3,0.47927259281971735,0.19134066624123822,0.07838397611235609,0.8050319325243441,747,0.1121771217712177,0.4782287822878229,1355,6723,0.201546928454559,0.22077922077922077,0.43636363636363634,0.3105590062111801,0.04878048780487805,0.2510460251046025,0.0,0.0718562874251497
baseline,imbalanced,scratch,sgd,0.2,4,0.5072106739819064,0.18177606221834947,0.07301398838494154,0.8061939572473861,747,0.10074626865671642,0.45149253731343286,1340,6723,0.19931578164509892,0.24836601307189543,0.3387096774193548,0.2962962962962963,0.05442176870748299,0.24107142857142858,0.0,0.0935672514619883
baseline,imbalanced,scratch,sgd,0.2,5,0.5688256251347921,0.2050463597032932,0.08120514409156127,0.8470963867544573,747,0.11298606016140866,0.46221570066030815,1363,6723,0.20273687341960434,0.2876712328767123,0.3793103448275862,0.37209302325581395,0.07194244604316546,0.20817843866171004,0.0,0.11612903225806452
baseline,imbalanced,scratch,sgd,0.2,6,0.4630801704540813,0.15984984361958868,0.06092119789750823,0.7991650550735115,747,0.11150822015725519,0.3995711222301644,1399,6723,0.2080916257623085,0.19607843137254902,0.35,0.20634920634920634,0.09345794392523364,0.21568627450980393,0.0,0.05737704918032787
baseline,imbalanced,scratch,sgd,0.2,7,0.5794253827374077,0.1952715980921584,0.07896811712522912,0.8351764612402768,747,0.09608540925266904,0.4120996441281139,1405,6723,0.20898408448609251,0.2328767123287671,0.33540372670807456,0.3945578231292517,0.096,0.19626168224299065,0.0,0.11180124223602485
baseline,imbalanced,scratch,sgd,0.2,8,0.5302702590326399,0.18647765808386413,0.07741978721681575,0.8422189904409814,747,0.09913793103448276,0.41522988505747127,1392,6723,0.2070504239178938,0.2127659574468085,0.3333333333333333,0.33783783783783783,0.08053691275167785,0.2608695652173913,0.0,0.08
baseline,imbalanced,scratch,sgd,0.2,9,0.5619646553443627,0.1965733038052562,0.07609369543305751,0.8436148713711,747,0.09411764705882353,0.4522058823529412,1360,6723,0.20229064405771233,0.22085889570552147,0.38333333333333336,0.34210526315789475,0.10810810810810811,0.2047244094488189,0.0,0.11688311688311688
baseline,imbalanced,scratch,sgd,0.3,0,0.5198217903337118,0.16962958922215846,0.06408250262867267,0.8411838183144213,747,0.09367336929867583,0.40804315841098576,2039,6723,0.30328722296593785,0.22857142857142856,0.34285714285714286,0.26573426573426573,0.08955223880597014,0.1782178217821782,0.0,0.08247422680412371
baseline,imbalanced,scratch,sgd,0.3,1,0.49610827266858115,0.148642800354745,0.05417818114070469,0.8000848723377466,747,0.08733624454148471,0.36001940805434257,2061,6723,0.30655957161981257,0.18823529411764706,0.3561643835616438,0.2204724409448819,0.056179775280898875,0.12162162162162163,0.0,0.09782608695652174
baseline,imbalanced,scratch,sgd,0.3,2,0.5411252086367294,0.20031217171301444,0.08268275880877124,0.8350322050760678,747,0.09989959839357429,0.42018072289156627,1992,6723,0.2962962962962963,0.174496644295302,0.4482758620689655,0.4146341463414634,0.07575757575757576,0.1895734597156398,0.0,0.09944751381215469
baseline,imbalanced,scratch,sgd,0.3,3,0.4960842200536665,0.18218405033000326,0.07202999111951892,0.806692555219842,747,0.09950738916256158,0.4009852216748768,2030,6723,0.3019485348802618,0.2222222222222222,0.42857142857142855,0.2916666666666667,0.06451612903225806,0.19900497512437812,0.0,0.06930693069306931
baseline,imbalanced,scratch,sgd,0.3,4,0.4926183675033289,0.17505402024052266,0.07040529822371205,0.8251696069536171,747,0.10075949367088607,0.3929113924050633,1975,6723,0.2937676632455749,0.22666666666666666,0.3389830508474576,0.25,0.06201550387596899,0.2751322751322751,0.0,0.07258064516129033
baseline,imbalanced,scratch,sgd,0.3,5,0.5449382709921701,0.17586357007864287,0.07073887726055711,0.8292075092255992,747,0.08438605356240525,0.40828701364325415,1979,6723,0.29436263572809757,0.20765027322404372,0.31666666666666665,0.37593984962406013,0.07547169811320754,0.13903743315508021,0.0,0.11627906976744186
baseline,imbalanced,scratch,sgd,0.3,6,0.4312826922073532,0.1529929518475568,0.05596582449216611,0.7867931609025794,747,0.09750122488975992,0.37579617834394907,2041,6723,0.30358470920719915,0.20454545454545456,0.43478260869565216,0.12962962962962962,0.04938271604938271,0.20430107526881722,0.0,0.04830917874396135
baseline,imbalanced,scratch,sgd,0.3,7,0.5158775950632373,0.17115576500136606,0.06453249021235094,0.8290246496101538,747,0.09086395233366434,0.37090367428003973,2014,6723,0.29956864495017105,0.19753086419753085,0.43333333333333335,0.23529411764705882,0.07058823529411765,0.17801047120418848,0.0,0.08333333333333333
baseline,imbalanced,scratch,sgd,0.3,8,0.5141757032208442,0.18143618430774433,0.0758854392433589,0.8323468261120505,747,0.10094952523738131,0.36881559220389803,2001,6723,0.29763498438197233,0.21965317919075145,0.3220338983050847,0.3404255319148936,0.07547169811320754,0.24516129032258063,0.0,0.0673076923076923
baseline,imbalanced,scratch,sgd,0.3,9,0.531880524400467,0.18682667767185787,0.07428089061229279,0.834106529339684,747,0.08846918489065607,0.37475149105367794,2012,6723,0.2992711587089097,0.2236842105263158,0.37037037037037035,0.3291139240506329,0.08695652173913043,0.21164021164021163,0.0,0.08602150537634409
baseline,imbalanced,scratch,sgd,0.4,0,0.4082570849751775,0.12277385525562039,0.04431777985904177,0.7975051077541917,747,0.09397499052671467,0.37324744221295947,2639,6723,0.39253309534434033,0.16470588235294117,0.2597402597402597,0.16666666666666666,0.06896551724137931,0.1256544502617801,0.0,0.07368421052631578
baseline,imbalanced,scratch,sgd,0.4,1,0.4646606948062067,0.13954922358817973,0.04973243118156745,0.8017747322553499,747,0.07986870897155361,0.35813274981765136,2742,6723,0.4078536367692994,0.16091954022988506,0.3770491803278688,0.1592920353982301,0.06666666666666667,0.14084507042253522,0.0,0.07207207207207207
baseline,imbalanced,scratch,sgd,0.4,2,0.45031719432641093,0.1535221149253325,0.06277673085284309,0.8032599069680408,747,0.08396946564885496,0.35725190839694654,2620,6723,0.3897069760523576,0.1839080459770115,0.2857142857142857,0.288,0.053691275167785234,0.18604651162790697,0.0,0.07729468599033816
baseline,imbalanced,scratch,sgd,0.4,3,0.4613527667122769,0.16512350120497168,0.0660415185922647,0.7883452504835532,747,0.082039911308204,0.3540280857354028,2706,6723,0.40249888442659526,0.18285714285714286,0.39655172413793105,0.2556390977443609,0.05917159763313609,0.20253164556962025,0.0,0.059113300492610835
baseline,imbalanced,scratch,sgd,0.4,4,0.49533030500540715,0.15965271133950526,0.06136054560453624,0.8163535289598494,747,0.0830804248861912,0.3482549317147193,2636,6723,0.3920868659824483,0.2057142857142857,0.358974358974359,0.24074074074074073,0.07272727272727272,0.17218543046357615,0.0,0.06722689075630252
baseline,imbalanced,scratch,sgd,0.4,5,0.48605543649278565,0.16420663082242393,0.06473706138187486,0.7952400619404393,747,0.0863922877271042,0.3444568038561365,2697,6723,0.4011601963409192,0.20689655172413793,0.3458646616541353,0.2777777777777778,0.04145077720207254,0.17341040462427745,0.0,0.10404624277456648
baseline,imbalanced,scratch,sgd,0.4,6,0.5532720153778188,0.1652396689545279,0.05685094972775656,0.808784296972765,747,0.086410635155096,0.3511816838995569,2708,6723,0.4027963706678566,0.25274725274725274,0.4166666666666667,0.112,0.06741573033707865,0.2191780821917808,0.0,0.08866995073891626
baseline,imbalanced,scratch,sgd,0.4,7,0.5187212190543046,0.15218280161866526,0.05455397798535992,0.8289705503988024,747,0.0848163574403635,0.3578190079515335,2641,6723,0.3928305815856017,0.2011173184357542,0.35294117647058826,0.22972972972972974,0.09022556390977443,0.10126582278481013,0.0,0.09
baseline,imbalanced,scratch,sgd,0.4,8,0.4569109493667297,0.14141242512155786,0.056104887145900596,0.8079070703561694,747,0.08481481481481482,0.37222222222222223,2700,6723,0.40160642570281124,0.17,0.26277372262773724,0.26229508196721313,0.06578947368421052,0.1456953642384106,0.0,0.08333333333333333
baseline,imbalanced,scratch,sgd,0.4,9,0.5238209878954028,0.16481091793576177,0.06243728235174721,0.8110781401366364,747,0.08775205377147124,0.3741598207617625,2678,6723,0.3983340770489365,0.2389937106918239,0.348993288590604,0.2594594594594595,0.0736196319018405,0.12080536912751678,0.0036968576709796672,0.10810810810810811
baseline,imbalanced,scratch,sgd,0.5,0,0.44966773525679554,0.10754219658123458,0.03451344384583797,0.7960501903252827,747,0.06766917293233082,0.2962406015037594,3325,6723,0.4945708760969805,0.16,0.2484472049689441,0.10526315789473684,0.07100591715976332,0.0847457627118644,0.0,0.08333333333333333
baseline,imbalanced,scratch,sgd,0.5,1,0.4109563881653643,0.1402472512494852,0.052418438287701166,0.7711095084026676,747,0.0764294049008168,0.33197199533255545,3428,6723,0.5098914175219396,0.1956521739130435,0.36923076923076925,0.1652892561983471,0.025157232704402517,0.16417910447761194,0.0,0.06222222222222222
baseline,imbalanced,scratch,sgd,0.5,2,0.5066153636430134,0.16462681417950303,0.06639019087186987,0.8151806473988855,747,0.0822328931572629,0.3469387755102041,3332,6723,0.4956120779413952,0.18823529411764706,0.30344827586206896,0.2878787878787879,0.06896551724137931,0.21518987341772153,0.0,0.08866995073891626
baseline,imbalanced,scratch,sgd,0.5,3,0.4340644898942986,0.1418865017205239,0.052953759692550284,0.7826739947472267,747,0.08115338882282996,0.3323424494649227,3364,6723,0.5003718578015767,0.17543859649122806,0.36363636363636365,0.18604651162790697,0.058394160583941604,0.14634146341463414,0.0,0.06334841628959276
baseline,imbalanced,scratch,sgd,0.5,4,0.42253088331299266,0.12161576781451312,0.045338334925172606,0.7770560353301852,747,0.0774542179525668,0.30291203842689884,3331,6723,0.49546333482076454,0.18478260869565216,0.2158273381294964,0.12727272727272726,0.048484848484848485,0.19834710743801653,0.0,0.07659574468085106
baseline,imbalanced,scratch,sgd,0.5,5,0.43802885771688993,0.13093710742221557,0.05592754460448468,0.7969204108612334,747,0.07922848664688427,0.3050445103857567,3370,6723,0.5012643165253607,0.1927710843373494,0.2074074074074074,0.23300970873786409,0.049019607843137254,0.13513513513513514,0.007380073800738007,0.09183673469387756
baseline,imbalanced,scratch,sgd,0.5,6,0.4358174453369541,0.12587825444932468,0.04743552450941899,0.7832352293333299,747,0.076581904198699,0.3083973979893554,3382,6723,0.5030492339729288,0.20689655172413793,0.25165562913907286,0.11864406779661017,0.06451612903225806,0.1746031746031746,0.0036968576709796672,0.0611353711790393
baseline,imbalanced,scratch,sgd,0.5,7,0.479162539144225,0.1377608224634217,0.050707365557764984,0.7988761218891843,747,0.07634050287791579,0.31687367464404725,3301,6723,0.4910010412018444,0.18579234972677597,0.348993288590604,0.1694915254237288,0.08275862068965517,0.10596026490066225,0.0036968576709796672,0.06763285024154589
baseline,imbalanced,scratch,sgd,0.5,8,0.45854001415106843,0.1270422158228684,0.04593719454756119,0.8023234295853007,747,0.07735961768219833,0.31810035842293904,3348,6723,0.4979919678714859,0.1382488479262673,0.3129251700680272,0.19672131147540983,0.07194244604316546,0.08333333333333333,0.0,0.0861244019138756
baseline,imbalanced,scratch,sgd,0.5,9,0.4808491202313393,0.14472746511303017,0.05553880046689471,0.8146183058019479,747,0.07217729859239293,0.3165618448637317,3339,6723,0.4966532797858099,0.17777777777777778,0.3384615384615385,0.25,0.06289308176100629,0.07874015748031496,0.0036968576709796672,0.10152284263959391
elr,imbalanced,scratch,sgd,0.0,0,0.6038755439602334,0.2815584278429971,0.2817297676079946,0.8878093509002767,747,,,0,6723,0.0,0.2696629213483146,0.5473684210526316,0.36220472440944884,0.06818181818181818,0.340080971659919,0.25483870967741934,0.12857142857142856
elr,imbalanced,scratch,sgd,0.0,1,0.539581122278059,0.26388141264813403,0.16133609459875276,0.851088001795142,747,,,0,6723,0.0,0.2608695652173913,0.5365853658536586,0.33043478260869563,0.030959752321981424,0.312,0.09507042253521127,0.28125
elr,imbalanced,scratch,sgd,0.0,2,0.5804187834250357,0.28436815253556696,0.1961830034838134,0.8940850361874,747,,,0,6723,0.0,0.29411764705882354,0.5365853658536586,0.37168141592920356,0.041237113402061855,0.3161764705882353,0.13448275862068965,0.2962962962962963
elr,imbalanced,scratch,sgd,0.0,3,0.5903056024607694,0.34231886381989585,0.27094499824560525,0.8394864943239477,747,,,0,6723,0.0,0.38202247191011235,0.6097560975609756,0.43478260869565216,0.02181818181818182,0.35797665369649806,0.21487603305785125,0.375
elr,imbalanced,scratch,sgd,0.0,4,0.5533689576392311,0.34495434211905984,0.23731859067037664,0.8264939552550599,747,,,0,6723,0.0,0.3010752688172043,0.5974025974025974,0.3939393939393939,0.020618556701030927,0.34532374100719426,0.17567567567567569,0.5806451612903226
elr,imbalanced,scratch,sgd,0.0,5,0.6273964118024163,0.32024652989577235,0.23481199513458573,0.8751725538050195,747,,,0,6723,0.0,0.4878048780487805,0.5098039215686274,0.453781512605042,0.03745318352059925,0.299625468164794,0.17200674536256325,0.28125
elr,imbalanced,scratch,sgd,0.0,6,0.5381110251743909,0.25500080448173246,0.2046734305799455,0.8528061662097561,747,,,0,6723,0.0,0.26548672566371684,0.5060240963855421,0.3484848484848485,0.03524229074889868,0.2948207171314741,0.1567291311754685,0.1782178217821782
elr,imbalanced,scratch,sgd,0.0,7,0.6326391637414425,0.3539931740890876,0.21494120215082102,0.8809399461582158,747,,,0,6723,0.0,0.4146341463414634,0.5494505494505495,0.48951048951048953,0.03773584905660377,0.3064516129032258,0.13471502590673576,0.5454545454545454
elr,imbalanced,scratch,sgd,0.0,8,0.6247932589677215,0.28722214105133836,0.21366503579249424,0.886449861699975,747,,,0,6723,0.0,0.3157894736842105,0.5,0.44274809160305345,0.04938271604938271,0.3193916349809886,0.1506849315068493,0.23255813953488372
elr,imbalanced,scratch,sgd,0.0,9,0.5954577629574456,0.3437210653136914,0.17894229826484853,0.8758146463077354,747,,,0,6723,0.0,0.375,0.6075949367088608,0.47058823529411764,0.03614457831325301,0.2952029520295203,0.08818342151675485,0.5333333333333333
elr,imbalanced,scratch,sgd,0.1,0,0.5582402491150738,0.18388959357262966,0.06936901746393723,0.8451908380226175,747,0.10630841121495327,0.37149532710280375,856,6723,0.12732411125985424,0.22857142857142856,0.4,0.23300970873786409,0.096,0.25,0.0,0.07964601769911504
elr,imbalanced,scratch,sgd,0.1,1,0.5242408557625949,0.1811929712478532,0.0680636710537318,0.8204013401684643,747,0.11150234741784038,0.43896713615023475,852,6723,0.12672913877733155,0.2518518518518518,0.3870967741935484,0.23529411764705882,0.08547008547008547,0.23134328358208955,0.0,0.07729468599033816
elr,imbalanced,scratch,sgd,0.1,2,0.5842129324848219,0.23022093935363014,0.09647116822911009,0.8664532125835621,747,0.10265282583621683,0.4936562860438293,867,6723,0.12896028558679162,0.23880597014925373,0.41237113402061853,0.48951048951048953,0.12631578947368421,0.2620689655172414,0.0,0.08247422680412371
elr,imbalanced,scratch,sgd,0.1,3,0.5303529309526406,0.22807371142405544,0.09516729869356685,0.8132918636859501,747,0.12868949232585597,0.47461629279811096,847,6723,0.12598542317417818,0.3053435114503817,0.4666666666666667,0.41025641025641024,0.05714285714285714,0.2894736842105263,0.0,0.06763285024154589
elr,imbalanced,scratch,sgd,0.1,4,0.47220711870393217,0.17573447552498436,0.0721576431437423,0.8169971827851368,747,0.12195121951219512,0.4402439024390244,820,6723,0.12196935891715008,0.2222222222222222,0.32432432432432434,0.25862068965517243,0.056074766355140186,0.2966101694915254,0.0,0.07228915662650602
elr,imbalanced,scratch,sgd,0.1,5,0.562999418222849,0.21135127885294272,0.0846617678783151,0.8399108246229128,747,0.11401425178147269,0.43705463182897863,842,6723,0.12524170757102485,0.29411764705882354,0.4,0.3898305084745763,0.05747126436781609,0.21641791044776118,0.0,0.12162162162162163
elr,imbalanced,scratch,sgd,0.1,6,0.5315307872629128,0.1851281042432622,0.07034168943495064,0.8269124716198997,747,0.10779816513761468,0.4231651376146789,872,6723,0.12970400118994496,0.2375,0.38596491228070173,0.24193548387096775,0.10638297872340426,0.24899598393574296,0.0,0.07511737089201878
elr,imbalanced,scratch,sgd,0.1,7,0.5836620323816478,0.2208725323413452,0.09069581967370303,0.8411886124516766,747,0.10340909090909091,0.4556818181818182,880,6723,0.13089394615499034,0.23943661971830985,0.4727272727272727,0.42735042735042733,0.09230769230769231,0.22857142857142856,0.0,0.08571428571428572
elr,imbalanced,scratch,sgd,0.1,8,0.5618305388085828,0.21395311480581283,0.08756454897172808,0.8408533265014577,747,0.11373873873873874,0.42454954954954954,888,6723,0.13208389112003568,0.2647058823529412,0.44660194174757284,0.38848920863309355,0.06818181818181818,0.24413145539906103,0.0,0.0855614973262032
elr,imbalanced,scratch,sgd,0.1,9,0.6034064201257301,0.22402225610942164,0.09060214580760044,0.8307062099340091,747,0.09451575262543757,0.45040840140023336,857,6723,0.1274728543804849,0.23529411764705882,0.45714285714285713,0.3968253968253968,0.08641975308641975,0.2755905511811024,0.0,0.11688311688311688
elr,imbalanced,scratch,sgd,0.2,0,0.5576829960595739,0.1811194697754834,0.06808105066621974,0.8409631637835735,747,0.10552763819095477,0.3725771715721464,1393,6723,0.20719916703852448,0.24113475177304963,0.36879432624113473,0.23300970873786409,0.10084033613445378,0.24545454545454545,0.0,0.07860262008733625
elr,imbalanced,scratch,sgd,0.2,1,0.5036795398383757,0.17776257709561558,0.0707443627695782,0.794458587815625,747,0.11079136690647481,0.4079136690647482,1390,6723,0.20675293767663244,0.2,0.37593984962406013,0.3076923076923077,0.096,0.20588235294117646,0.0,0.058823529411764705
elr,imbalanced,scratch,sgd,0.2,2,0.5731226019244452,0.21591361415216484,0.08976746904071317,0.8499041745846468,747,0.09293948126801153,0.4322766570605187,1388,6723,0.2064554514353711,0.2,0.4716981132075472,0.416,0.07194244604316546,0.25225225225225223,0.0,0.09950248756218906
elr,imbalanced,scratch,sgd,0.2,3,0.5095879206541413,0.20182248471157996,0.08263339145191885,0.8038131343271459,747,0.11439114391143912,0.44797047970479703,1355,6723,0.201546928454559,0.26666666666666666,0.423728813559322,0.336,0.0625,0.26294820717131473,0.0,0.06091370558375635
elr,imbalanced,scratch,sgd,0.2,4,0.4902547161528127,0.18229942842290817,0.07340061216912633,0.8074575858522651,747,0.10820895522388059,0.4388059701492537,1340,6723,0.19931578164509892,0.23121387283236994,0.3888888888888889,0.2542372881355932,0.043478260869565216,0.27906976744186046,0.0,0.07920792079207921
elr,imbalanced,scratch,sgd,0.2,5,0.5804427751081064,0.20461932861313667,0.07755984495905997,0.8359113137416294,747,0.11298606016140866,0.4372707263389582,1363,6723,0.20273687341960434,0.3088235294117647,0.42735042735042733,0.3076923076923077,0.0641025641025641,0.2074074074074074,0.0,0.11695906432748537
elr,imbalanced,scratch,sgd,0.2,6,0.4430871171929262,0.1640399846895722,0.06424097256722057,0.7984591106871218,747,0.10364546104360257,0.3559685489635454,1399,6723,0.2080916257623085,0.2054794520547945,0.38596491228070173,0.20754716981132076,0.061068702290076333,0.23655913978494625,0.0,0.05166051660516605
elr,imbalanced,scratch,sgd,0.2,7,0.5421364444818519,0.17950756171358284,0.07753090870141172,0.8340494399097579,747,0.08612099644128114,0.38576512455516015,1405,6723,0.20898408448609251,0.18666666666666668,0.34615384615384615,0.3103448275862069,0.08333333333333333,0.23036649214659685,0.007380073800738007,0.09230769230769231
elr,imbalanced,scratch,sgd,0.2,8,0.6013572618373904,0.21238162720792125,0.08801171117869372,0.8493251854517255,747,0.10201149425287356,0.4281609195402299,1392,6723,0.2070504239178938,0.2261904761904762,0.4132231404958678,0.3875968992248062,0.08108108108108109,0.27956989247311825,0.0,0.09900990099009901
elr,imbalanced,scratch,sgd,0.2,9,0.555795982678995,0.20114846671138062,0.07658567429571977,0.8327816454439393,747,0.09779411764705882,0.44338235294117645,1360,6723,0.20229064405771233,0.22972972972972974,0.46153846153846156,0.3108108108108108,0.09230769230769231,0.2076923076923077,0.0,0.10596026490066225
elr,imbalanced,scratch,sgd,0.3,0,0.48897459872214427,0.16396166099894152,0.06399437200215201,0.8235057138509706,747,0.09612555174104953,0.37763609612555177,2039,6723,0.30328722296593785,0.2138364779874214,0.32,0.24793388429752067,0.08403361344537816,0.2185792349726776,0.0,0.06334841628959276
elr,imbalanced,scratch,sgd,0.3,1,0.4776083060620227,0.15226882268888406,0.05666526684718579,0.783456906965611,747,0.08199902959728288,0.3381853469189714,2061,6723,0.30655957161981257,0.19480519480519481,0.37142857142857144,0.1834862385321101,0.053475935828877004,0.18791946308724833,0.0,0.07476635514018691
elr,imbalanced,scratch,sgd,0.3,2,0.5412138169050611,0.20222017337096745,0.08253171143568978,0.8170125450079884,747,0.09186746987951808,0.35190763052208834,1992,6723,0.2962962962962963,0.19047619047619047,0.4854368932038835,0.35,0.07547169811320754,0.24175824175824176,0.0,0.07239819004524888
elr,imbalanced,scratch,sgd,0.3,3,0.46355724951773186,0.1674251987876005,0.06898228446091624,0.7970609694783347,747,0.0896551724137931,0.3477832512315271,2030,6723,0.3019485348802618,0.16279069767441862,0.3684210526315789,0.25806451612903225,0.0641025641025641,0.25609756097560976,0.0,0.0625
elr,imbalanced,scratch,sgd,0.3,4,0.4848716185044684,0.17808761759785333,0.07209813914990522,0.8049251420309601,747,0.09265822784810127,0.3513924050632911,1975,6723,0.2937676632455749,0.22857142857142856,0.37735849056603776,0.27350427350427353,0.053691275167785234,0.2484472049689441,0.0,0.06504065040650407
elr,imbalanced,scratch,sgd,0.3,5,0.5237883537850201,0.1743205092823084,0.06821192305984428,0.814728374940838,747,0.08893380495199596,0.3855482566953007,1979,6723,0.29436263572809757,0.2222222222222222,0.3652173913043478,0.31932773109243695,0.056818181818181816,0.14736842105263157,0.0,0.1092896174863388
elr,imbalanced,scratch,sgd,0.3,6,0.4495940013787568,0.14924729640582085,0.055400501049097425,0.7726616837698531,747,0.09407153356197942,0.3571778539931406,2041,6723,0.30358470920719915,0.1925133689839572,0.3728813559322034,0.11764705882352941,0.05128205128205128,0.24705882352941178,0.0,0.06334841628959276
elr,imbalanced,scratch,sgd,0.3,7,0.4947827283733149,0.15896573230310798,0.060438838383690796,0.8162336770800211,747,0.08093346573982126,0.35302879841112217,2014,6723,0.29956864495017105,0.2,0.37593984962406013,0.22,0.06451612903225806,0.17857142857142858,0.0,0.07373271889400922
elr,imbalanced,scratch,sgd,0.3,8,0.5473305870147694,0.18794417573829253,0.07762988772582334,0.8261998833843088,747,0.09845077461269365,0.3748125937031484,2001,6723,0.29763498438197233,0.1927710843373494,0.36923076923076925,0.3466666666666667,0.08163265306122448,0.24,0.0,0.08530805687203792
elr,imbalanced,scratch,sgd,0.3,9,0.5177397330015496,0.16720769361011723,0.062056007239564163,0.8205365937682395,747,0.08598409542743539,0.38916500994035785,2012,6723,0.2992711587089097,0.2261904761904762,0.36036036036036034,0.26666666666666666,0.0875,0.14035087719298245,0.0,0.0893854748603352
elr,imbalanced,scratch,sgd,0.4,0,0.4693949108395111,0.13385426282119509,0.046072663499745835,0.8145712041540679,747,0.08904888215233042,0.34444865479348236,2639,6723,0.39253309534434033,0.22485207100591717,0.2702702702702703,0.13793103448275862,0.08196721311475409,0.1511627906976744,0.0,0.07079646017699115
elr,imbalanced,scratch,sgd,0.4,1,0.44113153676617906,0.13692369259786127,0.048492032145047125,0.7799997669219324,747,0.07549234135667396,0.31291028446389496,2742,6723,0.4078536367692994,0.17894736842105263,0.37606837606837606,0.12612612612612611,0.05181347150259067,0.16129032258064516,0.0,0.06422018348623854
elr,imbalanced,scratch,sgd,0.4,2,0.4714875881926573,0.15145600059394218,0.05990448380180497,0.8039133650777172,747,0.08587786259541985,0.3416030534351145,2620,6723,0.3897069760523576,0.1787709497206704,0.30434782608695654,0.22807017543859648,0.06756756756756757,0.2127659574468085,0.0,0.06866952789699571
elr,imbalanced,scratch,sgd,0.4,3,0.44393932561977506,0.15676855255944575,0.061480249173106724,0.7620672908504739,747,0.08130081300813008,0.34405025868440503,2706,6723,0.40249888442659526,0.20765027322404372,0.3652173913043478,0.21487603305785125,0.04790419161676647,0.20512820512820512,0.0,0.05660377358490566
elr,imbalanced,scratch,sgd,0.4,4,0.41596841060389256,0.13174060118666994,0.048451992828933026,0.7740107703995948,747,0.07663125948406677,0.3482549317147193,2636,6723,0.3920868659824483,0.17475728155339806,0.32727272727272727,0.10204081632653061,0.024691358024691357,0.21212121212121213,0.0,0.08130081300813008
elr,imbalanced,scratch,sgd,0.4,5,0.49535557981674977,0.1518590207299553,0.05865931001749639,0.7815262412122844,747,0.07156099369670003,0.3218390804597701,2697,6723,0.4011601963409192,0.17616580310880828,0.32592592592592595,0.23404255319148937,0.04950495049504951,0.17266187050359713,0.0,0.10471204188481675
elr,imbalanced,scratch,sgd,0.4,6,0.4726573723979338,0.1445177070588162,0.049808971931510876,0.767624465707548,747,0.08013293943870015,0.3020679468242245,2708,6723,0.4027963706678566,0.20588235294117646,0.39655172413793105,0.07272727272727272,0.06289308176100629,0.21374045801526717,0.0,0.05982905982905983
elr,imbalanced,scratch,sgd,0.4,7,0.5109537039883391,0.14682669452861985,0.05088103995651935,0.8057106294369728,747,0.07686482393032942,0.3169254070427868,2641,6723,0.3928305815856017,0.1956521739130435,0.40625,0.18487394957983194,0.06896551724137931,0.08633093525179857,0.0,0.08571428571428572
elr,imbalanced,scratch,sgd,0.4,8,0.4841286919389058,0.12896252408080378,0.045604421722778996,0.8034809252856224,747,0.07851851851851852,0.3488888888888889,2700,6723,0.40160642570281124,0.15151515151515152,0.28776978417266186,0.15841584158415842,0.08,0.13157894736842105,0.0,0.09345794392523364
elr,imbalanced,scratch,sgd,0.4,9,0.46894229481694943,0.13872049683086254,0.04884350586091659,0.7880660172956379,747,0.07505601194921584,0.3342046303211352,2678,6723,0.3983340770489365,0.21301775147928995,0.3129251700680272,0.18888888888888888,0.07317073170731707,0.10526315789473684,0.0,0.07777777777777778
elr,imbalanced,scratch,sgd,0.5,0,0.4500628909815445,0.10549106786625449,0.032287700649999536,0.7804669849945378,747,0.05954887218045113,0.25473684210526315,3325,6723,0.4945708760969805,0.17061611374407584,0.2857142857142857,0.08247422680412371,0.06593406593406594,0.06382978723404255,0.0,0.06986899563318777
elr,imbalanced,scratch,sgd,0.5,1,0.41172165453371623,0.12750593330965124,0.04570864985258769,0.7508341039283293,747,0.07526254375729288,0.31680280046674447,3428,6723,0.5098914175219396,0.16831683168316833,0.3418803418803419,0.13793103448275862,0.045714285714285714,0.13675213675213677,0.0,0.061946902654867256
elr,imbalanced,scratch,sgd,0.5,2,0.53788676761027,0.1812532615700318,0.07319772046813149,0.819063292926167,747,0.0744297719087635,0.3112244897959184,3332,6723,0.4956120779413952,0.1837837837837838,0.39344262295081966,0.3050847457627119,0.07894736842105263,0.2318840579710145,0.0,0.07563025210084033
elr,imbalanced,scratch,sgd,0.5,3,0.42846528721157845,0.13236630495078555,0.04385029568609948,0.7795345267965985,747,0.07342449464922711,0.29458977407847803,3364,6723,0.5003718578015767,0.19,0.41904761904761906,0.08928571428571429,0.05673758865248227,0.11764705882352941,0.0,0.05384615384615385
elr,imbalanced,scratch,sgd,0.5,4,0.3798830187679633,0.10855134368744938,0.03708144222633889,0.7550502996432329,747,0.07084959471630141,0.28610027018913237,3331,6723,0.49546333482076454,0.17647058823529413,0.2814814814814815,0.06593406593406594,0.03550295857988166,0.14285714285714285,0.0,0.05761316872427984
elr,imbalanced,scratch,sgd,0.5,5,0.4397372392781308,0.1257904098263673,0.05248857558542596,0.7735847759563435,747,0.07032640949554896,0.2824925816023739,3370,6723,0.5012643165253607,0.19428571428571428,0.2676056338028169,0.1414141414141414,0.05291005291005291,0.13953488372093023,0.011049723756906077,0.07373271889400922
elr,imbalanced,scratch,sgd,0.5,6,0.4586830899441701,0.12894721151864008,0.04611973330848833,0.7720486696690979,747,0.0700768775872265,0.30514488468361917,3382,6723,0.5030492339729288,0.18888888888888888,0.26573426573426573,0.09523809523809523,0.0641025641025641,0.21666666666666667,0.0,0.072
elr,imbalanced,scratch,sgd,0.5,7,0.45437099758249716,0.13426554060192233,0.056909920566513686,0.8004878588887351,747,0.07603756437443199,0.30081793395940626,3301,6723,0.4910010412018444,0.16243654822335024,0.31724137931034485,0.18691588785046728,0.06802721088435375,0.12307692307692308,0.011049723756906077,0.07111111111111111
elr,imbalanced,scratch,sgd,0.5,8,0.4633314736197432,0.10824318172923311,0.03451291120517957,0.816336911610677,747,0.07377538829151732,0.29181600955794507,3348,6723,0.4979919678714859,0.13973799126637554,0.2647058823529412,0.12389380530973451,0.08759124087591241,0.05405405405405406,0.0,0.08771929824561403
elr,imbalanced,scratch,sgd,0.5,9,0.45582337366253195,0.11733028423409651,0.037706128702078345,0.7860267433455983,747,0.06199460916442048,0.3045822102425876,3339,6723,0.4966532797858099,0.16580310880829016,0.29577464788732394,0.12,0.07741935483870968,0.0761904761904762,0.0,0.0861244019138756
sce,imbalanced,scratch,sgd,0.0,0,0.6630330698152547,0.5533994968097299,0.766724058640134,0.9454418192726427,747,,,0,6723,0.0,0.3508771929824561,0.5714285714285714,0.5241379310344828,0.47058823529411764,0.4725274725274725,0.8688524590163934,0.6153846153846154
sce,imbalanced,scratch,sgd,0.0,1,0.664040550511973,0.5271358533585137,0.7435555728110859,0.9347513116449706,747,,,0,6723,0.0,0.3880597014925373,0.6172839506172839,0.4852941176470588,0.3076923076923077,0.43137254901960786,0.8448637316561844,0.6153846153846154
sce,imbalanced,scratch,sgd,0.0,2,0.7056108817552892,0.6089500324258056,0.7665837304265862,0.9494051828829363,747,,,0,6723,0.0,0.4126984126984127,0.6153846153846154,0.524822695035461,0.5454545454545454,0.4117647058823529,0.8636363636363636,0.8888888888888888
sce,imbalanced,scratch,sgd,0.0,3,0.6164642265267225,0.5531804069489384,0.7764138008925909,0.9156578815432012,747,,,0,6723,0.0,0.3548387096774194,0.6410256410256411,0.5194805194805194,0.26666666666666666,0.4470588235294118,0.8812877263581489,0.7619047619047619
sce,imbalanced,scratch,sgd,0.0,4,0.6202948422791141,0.5517872081298291,0.7657179795385612,0.9339505875241151,747,,,0,6723,0.0,0.39344262295081966,0.5625,0.5,0.3157894736842105,0.4583333333333333,0.8705402650356778,0.7619047619047619
sce,imbalanced,scratch,sgd,0.0,5,0.6571697739829909,0.5789148218351793,0.7535152822529064,0.9438453718903456,747,,,0,6723,0.0,0.4166666666666667,0.5783132530120482,0.5714285714285714,0.42105263157894735,0.357487922705314,0.8503118503118503,0.8571428571428571
sce,imbalanced,scratch,sgd,0.0,6,0.6838431261613762,0.5595000697576424,0.7601577143991689,0.9333307691514703,747,,,0,6723,0.0,0.37037037037037035,0.6197183098591549,0.5342465753424658,0.4444444444444444,0.3956043956043956,0.8624612202688728,0.6896551724137931
sce,imbalanced,scratch,sgd,0.0,7,0.7467835236990793,0.6433983595125543,0.7754181869841655,0.9488403693998851,747,,,0,6723,0.0,0.4444444444444444,0.6428571428571429,0.6012269938650306,0.631578947368421,0.47058823529411764,0.8559498956158664,0.8571428571428571
sce,imbalanced,scratch,sgd,0.0,8,0.675225250077154,0.5584830011002312,0.74551350693799,0.9408076867067756,747,,,0,6723,0.0,0.4827586206896552,0.5952380952380952,0.547945205479452,0.25,0.39593908629441626,0.8375,0.8
sce,imbalanced,scratch,sgd,0.0,9,0.6930381966965145,0.6059880189512991,0.7748631585928462,0.9428338316196474,747,,,0,6723,0.0,0.4225352112676056,0.6865671641791045,0.581081081081081,0.45454545454545453,0.4329896907216495,0.8641975308641975,0.8
sce,imbalanced,scratch,sgd,0.1,0,0.6734030772231258,0.41832941471894003,0.647400698387958,0.8955408985381619,747,0.45093457943925236,0.39602803738317754,856,6723,0.12732411125985424,0.32967032967032966,0.5242718446601942,0.42028985507246375,0.24390243902439024,0.39361702127659576,0.7396313364055299,0.27692307692307694
sce,imbalanced,scratch,sgd,0.1,1,0.6025623553593841,0.3771869593464742,0.6219676476751872,0.8717178995673066,747,0.44366197183098594,0.43896713615023475,852,6723,0.12672913877733155,0.2191780821917808,0.4716981132075472,0.45255474452554745,0.19607843137254902,0.35121951219512193,0.7142857142857143,0.23529411764705882
sce,imbalanced,scratch,sgd,0.1,2,0.6898363166798476,0.46896110301781374,0.65959176253317,0.8858722525677794,747,0.40484429065743943,0.46482122260668973,867,6723,0.12896028558679162,0.39473684210526316,0.5842696629213483,0.5153374233128835,0.46153846153846156,0.36619718309859156,0.7384259259259259,0.2222222222222222
sce,imbalanced,scratch,sgd,0.1,3,0.5344378733116818,0.3714704237478772,0.6179799589596678,0.8618127458635765,747,0.4817001180637544,0.41440377804014167,847,6723,0.12598542317417818,0.35294117647058826,0.4931506849315068,0.4605263157894737,0.07547169811320754,0.3523809523809524,0.7036599763872491,0.16216216216216217
sce,imbalanced,scratch,sgd,0.1,4,0.5602734180251187,0.3694324134562765,0.6252652620366903,0.8747497299244146,747,0.43414634146341463,0.4304878048780488,820,6723,0.12196935891715008,0.2857142857142857,0.4666666666666667,0.4489795918367347,0.0851063829787234,0.39361702127659576,0.7144535840188014,0.19148936170212766
sce,imbalanced,scratch,sgd,0.1,5,0.6996709683460048,0.43691748540966974,0.6331807047514784,0.9110322742772692,747,0.4026128266033254,0.45368171021377673,842,6723,0.12524170757102485,0.43956043956043955,0.4782608695652174,0.5306122448979592,0.1694915254237288,0.3222748815165877,0.7100591715976331,0.40816326530612246
sce,imbalanced,scratch,sgd,0.1,6,0.6391688136539468,0.41893205331958644,0.6351007334215029,0.8808994934100437,747,0.4598623853211009,0.4139908256880734,872,6723,0.12970400118994496,0.4634146341463415,0.4731182795698925,0.5142857142857142,0.20512820512820512,0.36363636363636365,0.7129411764705882,0.2
sce,imbalanced,scratch,sgd,0.1,7,0.6371333990919085,0.4014640625118519,0.6223666698294479,0.8842110650022743,747,0.4147727272727273,0.4193181818181818,880,6723,0.13089394615499034,0.3076923076923077,0.5106382978723404,0.5135135135135135,0.1694915254237288,0.3251231527093596,0.7030878859857482,0.2807017543859649
sce,imbalanced,scratch,sgd,0.1,8,0.6452417712772586,0.4174686350029497,0.6401127130243013,0.8974411768557985,747,0.4391891891891892,0.4313063063063063,888,6723,0.13208389112003568,0.3225806451612903,0.5316455696202531,0.5170068027210885,0.14705882352941177,0.38974358974358975,0.717948717948718,0.2962962962962963
sce,imbalanced,scratch,sgd,0.1,9,0.6201432558060722,0.41557699699040823,0.6295348081932562,0.883098590351901,747,0.41890315052508753,0.425904317386231,857,6723,0.1274728543804849,0.3855421686746988,0.5,0.5170068027210885,0.1111111111111111,0.36363636363636365,0.7061611374407583,0.32558139534883723
sce,imbalanced,scratch,sgd,0.2,0,0.6388659141805423,0.36497145574901024,0.531713063583132,0.8887837899539889,747,0.35750179468772436,0.47738693467336685,1393,6723,0.20719916703852448,0.3111111111111111,0.48148148148148145,0.4520547945205479,0.21428571428571427,0.3252032520325203,0.5888456549935149,0.18181818181818182
sce,imbalanced,scratch,sgd,0.2,1,0.6294495333436291,0.3589921781714289,0.5369137807971299,0.8723515083511414,747,0.36546762589928056,0.4553956834532374,1390,6723,0.20675293767663244,0.2978723404255319,0.45045045045045046,0.44,0.125,0.33620689655172414,0.5987096774193549,0.2647058823529412
sce,imbalanced,scratch,sgd,0.2,2,0.6730899519533385,0.37569373412579843,0.5342121365891911,0.8774972440820417,747,0.36023054755043227,0.4610951008645533,1388,6723,0.2064554514353711,0.2553191489361702,0.5567010309278351,0.5256410256410257,0.18181818181818182,0.3470319634703196,0.5777777777777777,0.18556701030927836
sce,imbalanced,scratch,sgd,0.2,3,0.5766218083085705,0.3493490536154554,0.5440095531776075,0.8612064369684708,747,0.36236162361623614,0.4656826568265683,1355,6723,0.201546928454559,0.35,0.43859649122807015,0.4563758389261745,0.08823529411764706,0.3568075117370892,0.6048906048906049,0.15053763440860216
sce,imbalanced,scratch,sgd,0.2,4,0.5935738141374511,0.3569817254380491,0.5223720018245234,0.8340012599030106,747,0.3485074626865672,0.4798507462686567,1340,6723,0.19931578164509892,0.3541666666666667,0.5,0.445859872611465,0.061855670103092786,0.3482142857142857,0.5725593667546174,0.21621621621621623
sce,imbalanced,scratch,sgd,0.2,5,0.62942521786026,0.3607753944390308,0.5220515536163682,0.8824994601082559,747,0.3749082905355833,0.44680851063829785,1363,6723,0.20273687341960434,0.35443037974683544,0.43103448275862066,0.5298013245033113,0.14705882352941177,0.3056768558951965,0.5691906005221932,0.18823529411764706
sce,imbalanced,scratch,sgd,0.2,6,0.6320773400800405,0.3648092482193939,0.5287221024519744,0.8597561896248376,747,0.3559685489635454,0.4224446032880629,1399,6723,0.2080916257623085,0.3448275862068966,0.5,0.5170068027210885,0.12048192771084337,0.3523809523809524,0.5721784776902887,0.14678899082568808
sce,imbalanced,scratch,sgd,0.2,7,0.6218370017109928,0.3500125833071001,0.5351776407288892,0.8766734318518624,747,0.3601423487544484,0.4377224199288256,1405,6723,0.20898408448609251,0.32608695652173914,0.41379310344827586,0.49635036496350365,0.13636363636363635,0.31527093596059114,0.5935483870967742,0.1686746987951807
sce,imbalanced,scratch,sgd,0.2,8,0.6492647105841783,0.3497109081965283,0.5039438787611538,0.8735022018395132,747,0.3254310344827586,0.4619252873563218,1392,6723,0.2070504239178938,0.34,0.44642857142857145,0.4444444444444444,0.12658227848101267,0.35051546391752575,0.550531914893617,0.18947368421052632
sce,imbalanced,scratch,sgd,0.2,9,0.6143233727713903,0.36203726857665103,0.5388774049865621,0.870570105060218,747,0.3830882352941177,0.4441176470588235,1360,6723,0.20229064405771233,0.37209302325581395,0.43137254901960786,0.42424242424242425,0.14925373134328357,0.31390134529147984,0.6045918367346939,0.23880597014925373
sce,imbalanced,scratch,sgd,0.3,0,0.5701506524642281,0.27234687604077573,0.3686717247331924,0.8547640484154612,747,0.25895046591466403,0.4845512506130456,2039,6723,0.30328722296593785,0.2708333333333333,0.352,0.36904761904761907,0.14457831325301204,0.21487603305785125,0.39823008849557523,0.1568627450980392
sce,imbalanced,scratch,sgd,0.3,1,0.5858418677443592,0.2909654678734791,0.4397674330575605,0.8285125492219556,747,0.294517224648229,0.43328481319747697,2061,6723,0.30655957161981257,0.26229508196721313,0.40601503759398494,0.34285714285714286,0.09345794392523364,0.2727272727272727,0.4909847434119279,0.16842105263157894
sce,imbalanced,scratch,sgd,0.3,2,0.5910119753005432,0.32602989804460725,0.4431758655074952,0.8633190135288746,747,0.30120481927710846,0.44879518072289154,1992,6723,0.2962962962962963,0.26262626262626265,0.5148514851485149,0.5324675324675324,0.08,0.28699551569506726,0.4624113475177305,0.14285714285714285
sce,imbalanced,scratch,sgd,0.3,3,0.5185398099481806,0.2984111174253633,0.44394641563396714,0.8480282549979336,747,0.29852216748768473,0.4492610837438424,2030,6723,0.3019485348802618,0.25225225225225223,0.4,0.46357615894039733,0.06741573033707865,0.3225806451612903,0.47685834502103785,0.10619469026548672
sce,imbalanced,scratch,sgd,0.3,4,0.5081254133707432,0.2940272180972189,0.4450798688450533,0.8116434928031231,747,0.3189873417721519,0.450126582278481,1975,6723,0.2937676632455749,0.30927835051546393,0.41904761904761906,0.37333333333333335,0.05263157894736842,0.3013698630136986,0.4896265560165975,0.11290322580645161
sce,imbalanced,scratch,sgd,0.3,5,0.5892465691801194,0.2927859752614452,0.39772065851773886,0.8575454763889506,747,0.2991409802930773,0.4633653360282971,1979,6723,0.29436263572809757,0.26666666666666666,0.4230769230769231,0.4084507042253521,0.125,0.26337448559670784,0.42380261248185774,0.1391304347826087
sce,imbalanced,scratch,sgd,0.3,6,0.4981647451212948,0.2633275928744427,0.3842662742926721,0.7913500882979031,747,0.27339539441450267,0.4532092111709946,2041,6723,0.30358470920719915,0.3,0.40350877192982454,0.3076923076923077,0.0851063829787234,0.24193548387096775,0.42257597684515197,0.08247422680412371
sce,imbalanced,scratch,sgd,0.3,7,0.5810162040408801,0.29381621514277434,0.439771507046389,0.8521446225945398,747,0.29791459781529295,0.43445878848063557,2014,6723,0.29956864495017105,0.2857142857142857,0.3492063492063492,0.36764705882352944,0.12121212121212122,0.29493087557603687,0.48746518105849584,0.15053763440860216
sce,imbalanced,scratch,sgd,0.3,8,0.6272524775075919,0.3260170820859101,0.4697292431561879,0.8471107902189876,747,0.3023488255872064,0.4577711144427786,2001,6723,0.29763498438197233,0.2912621359223301,0.3937007874015748,0.43209876543209874,0.12048192771084337,0.33,0.5123287671232877,0.20224719101123595
sce,imbalanced,scratch,sgd,0.3,9,0.6088215498312746,0.31192342080050767,0.4216353379688154,0.8589980207081765,747,0.3136182902584493,0.45129224652087474,2012,6723,0.2992711587089097,0.33663366336633666,0.42105263157894735,0.4,0.12244897959183673,0.24434389140271492,0.45673758865248226,0.20224719101123595
sce,imbalanced,scratch,sgd,0.4,0,0.5751930287003769,0.23786859873205574,0.19361752106277508,0.8440388662826847,747,0.1815081470253884,0.5388404698749526,2639,6723,0.39253309534434033,0.34615384615384615,0.3125,0.3333333333333333,0.16666666666666666,0.1927710843373494,0.16271186440677965,0.1509433962264151
sce,imbalanced,scratch,sgd,0.4,1,0.5081185618607228,0.22327144843288896,0.28688141330304046,0.8213953235553283,747,0.2049598832968636,0.47957695113056165,2742,6723,0.4078536367692994,0.2097902097902098,0.384,0.2773722627737226,0.07547169811320754,0.17543859649122806,0.30407523510971785,0.13675213675213677
sce,imbalanced,scratch,sgd,0.4,2,0.5715123853434457,0.253275649024032,0.2239986794944553,0.8380503008939197,747,0.1763358778625954,0.48893129770992366,2620,6723,0.3897069760523576,0.29473684210526313,0.39669421487603307,0.4489795918367347,0.09433962264150944,0.25,0.1815126050420168,0.10666666666666667
sce,imbalanced,scratch,sgd,0.4,3,0.49162521715390856,0.22195142890674244,0.2104931912626139,0.8133362676175516,747,0.1541019955654102,0.5051736881005173,2706,6723,0.40249888442659526,0.2748091603053435,0.384,0.34965034965034963,0.038461538461538464,0.21722846441947566,0.18181818181818182,0.1076923076923077
sce,imbalanced,scratch,sgd,0.4,4,0.5087792516976276,0.2741950969506239,0.3997771651105829,0.8078943486466114,747,0.2720030349013657,0.41236722306525037,2636,6723,0.3920868659824483,0.22580645161290322,0.3584905660377358,0.4090909090909091,0.05217391304347826,0.34065934065934067,0.42503639010189226,0.10810810810810811
sce,imbalanced,scratch,sgd,0.4,5,0.5269271769412648,0.22107051967245334,0.20068740417556877,0.8260932016779351,747,0.1668520578420467,0.489432703003337,2697,6723,0.4011601963409192,0.2857142857142857,0.3492063492063492,0.3586206896551724,0.05755395683453238,0.17254901960784313,0.17258883248730963,0.15126050420168066
sce,imbalanced,scratch,sgd,0.4,6,0.5432447137818491,0.23559975389084511,0.26762924133164595,0.8030777666694967,747,0.21085672082717874,0.4597488921713442,2708,6723,0.4027963706678566,0.3181818181818182,0.41739130434782606,0.234375,0.07142857142857142,0.2047244094488189,0.273015873015873,0.13008130081300814
sce,imbalanced,scratch,sgd,0.4,7,0.57852825524707,0.2527393810716546,0.2737233733777608,0.8334545506613097,747,0.20522529344945095,0.4570238546005301,2641,6723,0.3928305815856017,0.26548672566371684,0.38596491228070173,0.44025157232704404,0.10810810810810811,0.1721311475409836,0.2608695652173913,0.13636363636363635
sce,imbalanced,scratch,sgd,0.4,8,0.5620884408508217,0.23975399790976895,0.29722609789223503,0.8291916168381709,747,0.20296296296296296,0.457037037037037,2700,6723,0.40160642570281124,0.2459016393442623,0.3225806451612903,0.3246753246753247,0.10344827586206896,0.22119815668202766,0.30793157076205285,0.15254237288135594
sce,imbalanced,scratch,sgd,0.4,9,0.5561107051896114,0.2498863001192646,0.2791765130629421,0.8077229102199549,747,0.2027632561613144,0.45332337565347275,2678,6723,0.3983340770489365,0.35185185185185186,0.38235294117647056,0.31683168316831684,0.09615384615384616,0.19607843137254902,0.27980922098569155,0.12612612612612611
sce,imbalanced,scratch,sgd,0.5,0,0.5239916986126476,0.19238252119998403,0.15424553072644165,0.8138474528834478,747,0.14135338345864662,0.4610526315789474,3325,6723,0.4945708760969805,0.2711864406779661,0.34108527131782945,0.2573099415204678,0.109375,0.13675213675213677,0.12802768166089964,0.10294117647058823
sce,imbalanced,scratch,sgd,0.5,1,0.44166072405375884,0.17674880345147878,0.1276615321473154,0.7965392211536038,747,0.12018669778296383,0.5017502917152858,3428,6723,0.5098914175219396,0.2537313432835821,0.352,0.27586206896551724,0.05309734513274336,0.12195121951219512,0.09171075837742504,0.08888888888888889
sce,imbalanced,scratch,sgd,0.5,2,0.5321693797323498,0.2248914982778266,0.164582793198323,0.8240123502971883,747,0.13565426170468187,0.4891956782713085,3332,6723,0.4956120779413952,0.29473684210526313,0.35772357723577236,0.4358974358974359,0.07407407407407407,0.1793103448275862,0.11169284467713787,0.12080536912751678
sce,imbalanced,scratch,sgd,0.5,3,0.5100978810624666,0.21224748228036847,0.13344377511711533,0.7852346802354138,747,0.1251486325802616,0.4821640903686088,3364,6723,0.5003718578015767,0.2807017543859649,0.43478260869565216,0.348993288590604,0.06722689075630252,0.19622641509433963,0.07446808510638298,0.08333333333333333
sce,imbalanced,scratch,sgd,0.5,4,0.45407776818766404,0.18767239893232318,0.1387194891868339,0.7754091119927689,747,0.12818973281296908,0.4776343440408286,3331,6723,0.49546333482076454,0.25806451612903225,0.33043478260869563,0.28187919463087246,0.028985507246376812,0.22321428571428573,0.09523809523809523,0.0958904109589041
sce,imbalanced,scratch,sgd,0.5,5,0.5350128040305504,0.19693650562889312,0.1154693984004394,0.8093010330320521,747,0.12997032640949555,0.5047477744807122,3370,6723,0.5012643165253607,0.2608695652173913,0.35658914728682173,0.30656934306569344,0.07042253521126761,0.14864864864864866,0.06451612903225806,0.17094017094017094
sce,imbalanced,scratch,sgd,0.5,6,0.5046147634639865,0.18492198564687726,0.1261152066211516,0.7921565600782083,747,0.12743938497930218,0.4568302779420461,3382,6723,0.5030492339729288,0.265625,0.3559322033898305,0.22377622377622378,0.08264462809917356,0.17557251908396945,0.08833922261484099,0.10256410256410256
sce,imbalanced,scratch,sgd,0.5,7,0.5364206275670806,0.2227121623072051,0.20636939845483593,0.8298603671404262,747,0.17509845501363222,0.4650106028476219,3301,6723,0.4910010412018444,0.2878787878787879,0.35398230088495575,0.3484848484848485,0.07575757575757576,0.1811320754716981,0.1806020066889632,0.13114754098360656
sce,imbalanced,scratch,sgd,0.5,8,0.49611901887742166,0.2047461611256107,0.24602196777997887,0.8153596075015395,747,0.18309438470728792,0.4537037037037037,3348,6723,0.4979919678714859,0.20270270270270271,0.31654676258992803,0.28776978417266186,0.08791208791208792,0.13793103448275862,0.2540192926045016,0.14634146341463414
sce,imbalanced,scratch,sgd,0.5,9,0.5027080430342399,0.19650071186137727,0.1747812799729233,0.8162929089795823,747,0.16172506738544473,0.46241389637616054,3339,6723,0.4966532797858099,0.272,0.30357142857142855,0.2727272727272727,0.08403361344537816,0.1630901287553648,0.15332197614991483,0.1267605633802817
